"block","root_kind","family","tau_label","fit_size","prior_semantics","model","inference","original_case_key","original_scenario_key","gate_overall","healthy","runtime_sec","primary_accuracy","coverage","mean_ci_width","mae","bias","corr","cie","beta_rmse_mean","beta_coverage_gap","metric_source","metric_error"
"dynamic","dynamic","gausmix","0p05",500,"default","dqlm","mcmc","dynamic::gausmix::0p05::500::default::dqlm::mcmc","dynamic::gausmix::0p05::500::default","PASS",TRUE,449.166,4956.807659936,0.094,765.87099470244,NA,NA,NA,NA,NA,NA,"validation_tables",NA
"dynamic","dynamic","gausmix","0p05",500,"default","exdqlm","mcmc","dynamic::gausmix::0p05::500::default::exdqlm::mcmc","dynamic::gausmix::0p05::500::default","WARN",TRUE,936.98,4960.98239104324,0.094,768.980958449064,NA,NA,NA,NA,NA,NA,"validation_tables",NA
"dynamic","dynamic","gausmix","0p05",500,"default","dqlm","vb","dynamic::gausmix::0p05::500::default::dqlm::vb","dynamic::gausmix::0p05::500::default","PASS",TRUE,NA,4963.99572101382,0.088,525.443433315882,NA,NA,NA,NA,NA,NA,"validation_tables",NA
"dynamic","dynamic","gausmix","0p05",500,"default","exdqlm","vb","dynamic::gausmix::0p05::500::default::exdqlm::vb","dynamic::gausmix::0p05::500::default","PASS",TRUE,631.985,5018.15441716758,0.09,517.61313861678,NA,NA,NA,NA,NA,NA,"validation_tables",NA
"dynamic","dynamic","gausmix","0p05",5000,"default","dqlm","mcmc","dynamic::gausmix::0p05::5000::default::dqlm::mcmc","dynamic::gausmix::0p05::5000::default","PASS",TRUE,6321.724,543.71721753458,0.9286,15.8499634359819,NA,NA,NA,NA,NA,NA,"validation_tables",NA
"dynamic","dynamic","gausmix","0p05",5000,"default","exdqlm","mcmc","dynamic::gausmix::0p05::5000::default::exdqlm::mcmc","dynamic::gausmix::0p05::5000::default","FAIL",FALSE,NA,559.369623963568,0.9292,17.0990562699661,NA,NA,NA,NA,NA,NA,"validation_tables",NA
"dynamic","dynamic","gausmix","0p05",5000,"default","dqlm","vb","dynamic::gausmix::0p05::5000::default::dqlm::vb","dynamic::gausmix::0p05::5000::default","PASS",TRUE,363.593,545.88953863883,0.8234,10.3427357525307,NA,NA,NA,NA,NA,NA,"validation_tables",NA
"dynamic","dynamic","gausmix","0p05",5000,"default","exdqlm","vb","dynamic::gausmix::0p05::5000::default::exdqlm::vb","dynamic::gausmix::0p05::5000::default","WARN",TRUE,1440.065,545.119459790896,0.8216,10.385002340237,NA,NA,NA,NA,NA,NA,"validation_tables",NA
"dynamic","dynamic","gausmix","0p25",500,"default","dqlm","mcmc","dynamic::gausmix::0p25::500::default::dqlm::mcmc","dynamic::gausmix::0p25::500::default","PASS",TRUE,903.497,3896.0942221835,0.304,720.252969326921,NA,NA,NA,NA,NA,NA,"validation_tables",NA
"dynamic","dynamic","gausmix","0p25",500,"default","exdqlm","mcmc","dynamic::gausmix::0p25::500::default::exdqlm::mcmc","dynamic::gausmix::0p25::500::default","WARN",TRUE,1807.956,9250.19738892023,1,39989.4925959894,NA,NA,NA,NA,NA,0.05,"dynamic_restored_metrics",NA
"dynamic","dynamic","gausmix","0p25",500,"default","dqlm","vb","dynamic::gausmix::0p25::500::default::dqlm::vb","dynamic::gausmix::0p25::500::default","PASS",TRUE,NA,3908.72465584305,0.174,615.1955186634,NA,NA,NA,NA,NA,NA,"validation_tables",NA
"dynamic","dynamic","gausmix","0p25",500,"default","exdqlm","vb","dynamic::gausmix::0p25::500::default::exdqlm::vb","dynamic::gausmix::0p25::500::default","PASS",TRUE,135.082,3970.47359522564,0.21,604.787072378794,NA,NA,NA,NA,NA,NA,"validation_tables",NA
"dynamic","dynamic","gausmix","0p25",5000,"default","dqlm","mcmc","dynamic::gausmix::0p25::5000::default::dqlm::mcmc","dynamic::gausmix::0p25::5000::default","PASS",TRUE,9779.123,403.015601990059,0.954,17.6569980372525,NA,NA,NA,NA,NA,NA,"validation_tables",NA
"dynamic","dynamic","gausmix","0p25",5000,"default","exdqlm","mcmc","dynamic::gausmix::0p25::5000::default::exdqlm::mcmc","dynamic::gausmix::0p25::5000::default","WARN",TRUE,5809.576,469.425204484899,0.9516,21.9550390842062,NA,NA,NA,NA,NA,NA,"validation_tables",NA
"dynamic","dynamic","gausmix","0p25",5000,"default","dqlm","vb","dynamic::gausmix::0p25::5000::default::dqlm::vb","dynamic::gausmix::0p25::5000::default","PASS",TRUE,NA,403.361704481892,0.9526,13.9332471389242,NA,NA,NA,NA,NA,NA,"validation_tables",NA
"dynamic","dynamic","gausmix","0p25",5000,"default","exdqlm","vb","dynamic::gausmix::0p25::5000::default::exdqlm::vb","dynamic::gausmix::0p25::5000::default","PASS",TRUE,552.729,415.790950745407,0.952,14.9795562062462,NA,NA,NA,NA,NA,NA,"validation_tables",NA
"dynamic","dynamic","gausmix","0p95",500,"default","dqlm","mcmc","dynamic::gausmix::0p95::500::default::dqlm::mcmc","dynamic::gausmix::0p95::500::default","PASS",TRUE,901.878,5217.69521314506,0.076,3632.3918987758,NA,NA,NA,NA,NA,NA,"validation_tables",NA
"dynamic","dynamic","gausmix","0p95",500,"default","exdqlm","mcmc","dynamic::gausmix::0p95::500::default::exdqlm::mcmc","dynamic::gausmix::0p95::500::default","PASS",TRUE,475.721,9163.88404384057,0.056,3024.92629882086,NA,NA,NA,NA,NA,NA,"validation_tables",NA
"dynamic","dynamic","gausmix","0p95",500,"default","dqlm","vb","dynamic::gausmix::0p95::500::default::dqlm::vb","dynamic::gausmix::0p95::500::default","PASS",TRUE,NA,5161.70616336205,0.024,1498.07395233411,NA,NA,NA,NA,NA,NA,"validation_tables",NA
"dynamic","dynamic","gausmix","0p95",500,"default","exdqlm","vb","dynamic::gausmix::0p95::500::default::exdqlm::vb","dynamic::gausmix::0p95::500::default","PASS",TRUE,168.768,4906.05626409467,0.048,1135.25379481128,NA,NA,NA,NA,NA,NA,"validation_tables",NA
"dynamic","dynamic","gausmix","0p95",5000,"default","dqlm","mcmc","dynamic::gausmix::0p95::5000::default::dqlm::mcmc","dynamic::gausmix::0p95::5000::default","PASS",TRUE,19384.026,366.29148177055,0.9078,73.6254585660176,NA,NA,NA,NA,NA,NA,"validation_tables",NA
"dynamic","dynamic","gausmix","0p95",5000,"default","exdqlm","mcmc","dynamic::gausmix::0p95::5000::default::exdqlm::mcmc","dynamic::gausmix::0p95::5000::default","PASS",TRUE,1945.455,343.166400488548,0.0038,82.8988317713232,NA,NA,NA,NA,NA,NA,"validation_tables",NA
"dynamic","dynamic","gausmix","0p95",5000,"default","dqlm","vb","dynamic::gausmix::0p95::5000::default::dqlm::vb","dynamic::gausmix::0p95::5000::default","PASS",TRUE,428.993,373.723241156594,0.8262,44.4701776333476,NA,NA,NA,NA,NA,NA,"validation_tables",NA
"dynamic","dynamic","gausmix","0p95",5000,"default","exdqlm","vb","dynamic::gausmix::0p95::5000::default::exdqlm::vb","dynamic::gausmix::0p95::5000::default","PASS",TRUE,974.438,337.00270609495,0.0022,59.7435988835692,NA,NA,NA,NA,NA,NA,"validation_tables",NA
"dynamic","dynamic","laplace","0p05",500,"default","dqlm","mcmc","dynamic::laplace::0p05::500::default::dqlm::mcmc","dynamic::laplace::0p05::500::default","PASS",TRUE,444.656,4879.01442325103,0.094,750.632427463357,NA,NA,NA,NA,NA,NA,"validation_tables",NA
"dynamic","dynamic","laplace","0p05",500,"default","exdqlm","mcmc","dynamic::laplace::0p05::500::default::exdqlm::mcmc","dynamic::laplace::0p05::500::default","WARN",TRUE,1483.752,10140.7709887746,1,25698.4700265308,NA,NA,NA,NA,NA,0.05,"dynamic_restored_metrics",NA
"dynamic","dynamic","laplace","0p05",500,"default","dqlm","vb","dynamic::laplace::0p05::500::default::dqlm::vb","dynamic::laplace::0p05::500::default","PASS",TRUE,NA,4890.72541563466,0.088,518.352179862313,NA,NA,NA,NA,NA,NA,"validation_tables",NA
"dynamic","dynamic","laplace","0p05",500,"default","exdqlm","vb","dynamic::laplace::0p05::500::default::exdqlm::vb","dynamic::laplace::0p05::500::default","PASS",TRUE,645.386,4944.9163985846,0.088,509.965260031737,NA,NA,NA,NA,NA,NA,"validation_tables",NA
"dynamic","dynamic","laplace","0p05",5000,"default","dqlm","mcmc","dynamic::laplace::0p05::5000::default::dqlm::mcmc","dynamic::laplace::0p05::5000::default","PASS",TRUE,1785.524,513.914697591329,0.9436,18.0139828639404,NA,NA,NA,NA,NA,NA,"validation_tables",NA
"dynamic","dynamic","laplace","0p05",5000,"default","exdqlm","mcmc","dynamic::laplace::0p05::5000::default::exdqlm::mcmc","dynamic::laplace::0p05::5000::default","FAIL",FALSE,NA,519.187692630715,0.9436,18.3428206491585,NA,NA,NA,NA,NA,NA,"validation_tables",NA
"dynamic","dynamic","laplace","0p05",5000,"default","dqlm","vb","dynamic::laplace::0p05::5000::default::dqlm::vb","dynamic::laplace::0p05::5000::default","PASS",TRUE,361.245,516.212799465078,0.8512,11.5689512151815,NA,NA,NA,NA,NA,NA,"validation_tables",NA
"dynamic","dynamic","laplace","0p05",5000,"default","exdqlm","vb","dynamic::laplace::0p05::5000::default::exdqlm::vb","dynamic::laplace::0p05::5000::default","WARN",TRUE,1493.772,509.013403673815,0.836,11.8923912107682,NA,NA,NA,NA,NA,NA,"validation_tables",NA
"dynamic","dynamic","laplace","0p25",500,"default","dqlm","mcmc","dynamic::laplace::0p25::500::default::dqlm::mcmc","dynamic::laplace::0p25::500::default","PASS",TRUE,907.663,3834.22027413534,0.304,713.138627668938,NA,NA,NA,NA,NA,NA,"validation_tables",NA
"dynamic","dynamic","laplace","0p25",500,"default","exdqlm","mcmc","dynamic::laplace::0p25::500::default::exdqlm::mcmc","dynamic::laplace::0p25::500::default","WARN",TRUE,741.185,4168.62091671619,0.208,948.983242313268,NA,NA,NA,NA,NA,NA,"validation_tables",NA
"dynamic","dynamic","laplace","0p25",500,"default","dqlm","vb","dynamic::laplace::0p25::500::default::dqlm::vb","dynamic::laplace::0p25::500::default","PASS",TRUE,NA,3846.73358368177,0.18,605.599495193171,NA,NA,NA,NA,NA,NA,"validation_tables",NA
"dynamic","dynamic","laplace","0p25",500,"default","exdqlm","vb","dynamic::laplace::0p25::500::default::exdqlm::vb","dynamic::laplace::0p25::500::default","PASS",TRUE,134.307,3908.84922205089,0.212,597.88866372836,NA,NA,NA,NA,NA,NA,"validation_tables",NA
"dynamic","dynamic","laplace","0p25",5000,"default","dqlm","mcmc","dynamic::laplace::0p25::5000::default::dqlm::mcmc","dynamic::laplace::0p25::5000::default","PASS",TRUE,1807.255,380.806120694974,0.9546,18.8806827778564,NA,NA,NA,NA,NA,NA,"validation_tables",NA
"dynamic","dynamic","laplace","0p25",5000,"default","exdqlm","mcmc","dynamic::laplace::0p25::5000::default::exdqlm::mcmc","dynamic::laplace::0p25::5000::default","WARN",TRUE,18538.16,437.702076737832,0.9526,21.001993591969,NA,NA,NA,NA,NA,NA,"validation_tables",NA
"dynamic","dynamic","laplace","0p25",5000,"default","dqlm","vb","dynamic::laplace::0p25::5000::default::dqlm::vb","dynamic::laplace::0p25::5000::default","PASS",TRUE,NA,381.116554847942,0.9536,14.8692119650822,NA,NA,NA,NA,NA,NA,"validation_tables",NA
"dynamic","dynamic","laplace","0p25",5000,"default","exdqlm","vb","dynamic::laplace::0p25::5000::default::exdqlm::vb","dynamic::laplace::0p25::5000::default","PASS",TRUE,500.023,394.82123605069,0.953,15.783710044509,NA,NA,NA,NA,NA,NA,"validation_tables",NA
"dynamic","dynamic","laplace","0p95",500,"default","dqlm","mcmc","dynamic::laplace::0p95::500::default::dqlm::mcmc","dynamic::laplace::0p95::500::default","PASS",TRUE,844.627,5131.34070116314,0.076,3489.5509684699,NA,NA,NA,NA,NA,NA,"validation_tables",NA
"dynamic","dynamic","laplace","0p95",500,"default","exdqlm","mcmc","dynamic::laplace::0p95::500::default::exdqlm::mcmc","dynamic::laplace::0p95::500::default","PASS",TRUE,191.49,9107.60604926899,0.056,2919.77140294907,NA,NA,NA,NA,NA,NA,"validation_tables",NA
"dynamic","dynamic","laplace","0p95",500,"default","dqlm","vb","dynamic::laplace::0p95::500::default::dqlm::vb","dynamic::laplace::0p95::500::default","PASS",TRUE,NA,5081.48032131993,0.024,1479.23538475212,NA,NA,NA,NA,NA,NA,"validation_tables",NA
"dynamic","dynamic","laplace","0p95",500,"default","exdqlm","vb","dynamic::laplace::0p95::500::default::exdqlm::vb","dynamic::laplace::0p95::500::default","PASS",TRUE,169.155,4821.10074372068,0.05,1117.55897505619,NA,NA,NA,NA,NA,NA,"validation_tables",NA
"dynamic","dynamic","laplace","0p95",5000,"default","dqlm","mcmc","dynamic::laplace::0p95::5000::default::dqlm::mcmc","dynamic::laplace::0p95::5000::default","PASS",TRUE,895.076,341.544411951457,0.9106,71.6255289572077,NA,NA,NA,NA,NA,NA,"validation_tables",NA
"dynamic","dynamic","laplace","0p95",5000,"default","exdqlm","mcmc","dynamic::laplace::0p95::5000::default::exdqlm::mcmc","dynamic::laplace::0p95::5000::default","PASS",TRUE,19448.623,320.253484403252,0.004,76.5516740740472,NA,NA,NA,NA,NA,NA,"validation_tables",NA
"dynamic","dynamic","laplace","0p95",5000,"default","dqlm","vb","dynamic::laplace::0p95::5000::default::dqlm::vb","dynamic::laplace::0p95::5000::default","PASS",TRUE,435.018,349.54279863254,0.8864,42.3917257420331,NA,NA,NA,NA,NA,NA,"validation_tables",NA
"dynamic","dynamic","laplace","0p95",5000,"default","exdqlm","vb","dynamic::laplace::0p95::5000::default::exdqlm::vb","dynamic::laplace::0p95::5000::default","PASS",TRUE,962.852,314.87885417407,0.002,55.7087809408441,NA,NA,NA,NA,NA,NA,"validation_tables",NA
"dynamic","dynamic","normal","0p05",500,"default","dqlm","mcmc","dynamic::normal::0p05::500::default::dqlm::mcmc","dynamic::normal::0p05::500::default","PASS",TRUE,448.683,2091.33544832233,0.246,321.892453190527,NA,NA,NA,NA,NA,NA,"validation_tables",NA
"dynamic","dynamic","normal","0p05",500,"default","exdqlm","mcmc","dynamic::normal::0p05::500::default::exdqlm::mcmc","dynamic::normal::0p05::500::default","PASS",TRUE,1599.191,4765.207125521,1,12044.4041484636,NA,NA,NA,NA,NA,0.05,"dynamic_restored_metrics",NA
"dynamic","dynamic","normal","0p05",500,"default","dqlm","vb","dynamic::normal::0p05::500::default::dqlm::vb","dynamic::normal::0p05::500::default","PASS",TRUE,NA,2098.56526126806,0.144,219.877617813344,NA,NA,NA,NA,NA,NA,"validation_tables",NA
"dynamic","dynamic","normal","0p05",500,"default","exdqlm","vb","dynamic::normal::0p05::500::default::exdqlm::vb","dynamic::normal::0p05::500::default","PASS",TRUE,401.386,2115.2012251548,0.15,217.889944610625,NA,NA,NA,NA,NA,NA,"validation_tables",NA
"dynamic","dynamic","normal","0p05",5000,"default","dqlm","mcmc","dynamic::normal::0p05::5000::default::dqlm::mcmc","dynamic::normal::0p05::5000::default","PASS",TRUE,18534.76,154.847417425684,0.8926,6.27513469579825,NA,NA,NA,NA,NA,NA,"validation_tables",NA
"dynamic","dynamic","normal","0p05",5000,"default","exdqlm","mcmc","dynamic::normal::0p05::5000::default::exdqlm::mcmc","dynamic::normal::0p05::5000::default","FAIL",FALSE,NA,158.073068817742,0.8626,6.38153200073823,NA,NA,NA,NA,NA,NA,"validation_tables",NA
"dynamic","dynamic","normal","0p05",5000,"default","dqlm","vb","dynamic::normal::0p05::5000::default::dqlm::vb","dynamic::normal::0p05::5000::default","PASS",TRUE,388.781,156.11425127423,0.705,3.89587560535714,NA,NA,NA,NA,NA,NA,"validation_tables",NA
"dynamic","dynamic","normal","0p05",5000,"default","exdqlm","vb","dynamic::normal::0p05::5000::default::exdqlm::vb","dynamic::normal::0p05::5000::default","WARN",TRUE,NA,154.424505094729,0.7376,4.00757684613222,NA,NA,NA,NA,NA,NA,"validation_tables",NA
"dynamic","dynamic","normal","0p25",500,"default","dqlm","mcmc","dynamic::normal::0p25::500::default::dqlm::mcmc","dynamic::normal::0p25::500::default","PASS",TRUE,176.544,1561.82298027069,0.426,287.806185862406,NA,NA,NA,NA,NA,NA,"validation_tables",NA
"dynamic","dynamic","normal","0p25",500,"default","exdqlm","mcmc","dynamic::normal::0p25::500::default::exdqlm::mcmc","dynamic::normal::0p25::500::default","WARN",TRUE,742.807,1816.44704759901,0.394,436.780693917578,NA,NA,NA,NA,NA,NA,"validation_tables",NA
"dynamic","dynamic","normal","0p25",500,"default","dqlm","vb","dynamic::normal::0p25::500::default::dqlm::vb","dynamic::normal::0p25::500::default","PASS",TRUE,NA,1565.34681814427,0.394,245.326505299233,NA,NA,NA,NA,NA,NA,"validation_tables",NA
"dynamic","dynamic","normal","0p25",500,"default","exdqlm","vb","dynamic::normal::0p25::500::default::exdqlm::vb","dynamic::normal::0p25::500::default","PASS",TRUE,100.42,1600.7569468268,0.412,253.017716463097,NA,NA,NA,NA,NA,NA,"validation_tables",NA
"dynamic","dynamic","normal","0p25",5000,"default","dqlm","mcmc","dynamic::normal::0p25::5000::default::dqlm::mcmc","dynamic::normal::0p25::5000::default","PASS",TRUE,1745.188,120.624432144178,0.9706,6.95453177686846,NA,NA,NA,NA,NA,NA,"validation_tables",NA
"dynamic","dynamic","normal","0p25",5000,"default","exdqlm","mcmc","dynamic::normal::0p25::5000::default::exdqlm::mcmc","dynamic::normal::0p25::5000::default","WARN",TRUE,16500.059,139.450561852349,0.8876,6.87120976223937,NA,NA,NA,NA,NA,NA,"validation_tables",NA
"dynamic","dynamic","normal","0p25",5000,"default","dqlm","vb","dynamic::normal::0p25::5000::default::dqlm::vb","dynamic::normal::0p25::5000::default","PASS",TRUE,NA,121.069329753263,0.9572,5.31313640830196,NA,NA,NA,NA,NA,NA,"validation_tables",NA
"dynamic","dynamic","normal","0p25",5000,"default","exdqlm","vb","dynamic::normal::0p25::5000::default::exdqlm::vb","dynamic::normal::0p25::5000::default","PASS",TRUE,507.891,126.280308664388,0.9334,5.38992613077136,NA,NA,NA,NA,NA,NA,"validation_tables",NA
"dynamic","dynamic","normal","0p95",500,"default","dqlm","mcmc","dynamic::normal::0p95::500::default::dqlm::mcmc","dynamic::normal::0p95::500::default","WARN",TRUE,NA,2010.80151617024,0.07,1495.42590019023,NA,NA,NA,NA,NA,NA,"validation_tables",NA
"dynamic","dynamic","normal","0p95",500,"default","exdqlm","mcmc","dynamic::normal::0p95::500::default::exdqlm::mcmc","dynamic::normal::0p95::500::default","PASS",TRUE,1645.373,3175.91978576973,0.086,1188.20669085572,NA,NA,NA,NA,NA,NA,"validation_tables",NA
"dynamic","dynamic","normal","0p95",500,"default","dqlm","vb","dynamic::normal::0p95::500::default::dqlm::vb","dynamic::normal::0p95::500::default","PASS",TRUE,36.012,2113.9027033332,0.02,726.51573310825,NA,NA,NA,NA,NA,NA,"validation_tables",NA
"dynamic","dynamic","normal","0p95",500,"default","exdqlm","vb","dynamic::normal::0p95::500::default::exdqlm::vb","dynamic::normal::0p95::500::default","PASS",TRUE,152.831,1846.95861369825,0.058,513.151816496402,NA,NA,NA,NA,NA,NA,"validation_tables",NA
"dynamic","dynamic","normal","0p95",5000,"default","dqlm","mcmc","dynamic::normal::0p95::5000::default::dqlm::mcmc","dynamic::normal::0p95::5000::default","PASS",TRUE,1753.689,98.4106776970079,0.9394,19.8291314341924,NA,NA,NA,NA,NA,NA,"validation_tables",NA
"dynamic","dynamic","normal","0p95",5000,"default","exdqlm","mcmc","dynamic::normal::0p95::5000::default::exdqlm::mcmc","dynamic::normal::0p95::5000::default","PASS",TRUE,19134.688,88.3085301989364,0.0036,16.1013845452441,NA,NA,NA,NA,NA,NA,"validation_tables",NA
"dynamic","dynamic","normal","0p95",5000,"default","dqlm","vb","dynamic::normal::0p95::5000::default::dqlm::vb","dynamic::normal::0p95::5000::default","PASS",TRUE,394.194,100.616878772362,0.9078,12.0235972702329,NA,NA,NA,NA,NA,NA,"validation_tables",NA
"dynamic","dynamic","normal","0p95",5000,"default","exdqlm","vb","dynamic::normal::0p95::5000::default::exdqlm::vb","dynamic::normal::0p95::5000::default","PASS",TRUE,886.794,89.4872775269233,0.0024,12.7307865680334,NA,NA,NA,NA,NA,NA,"validation_tables",NA
"static_paper","static_paper","gausmix","0p05",100,"paper","al","mcmc","static_paper::gausmix::0p05::100::paper::al::mcmc","static_paper::gausmix::0p05::100::paper","PASS",TRUE,6.269,1.29269392327013,0.66,2.63968318997443,0.993726982373153,-0.212559988361248,0.972657618917818,NA,NA,NA,"validation_tables",NA
"static_paper","static_paper","gausmix","0p05",100,"paper","exal","mcmc","static_paper::gausmix::0p05::100::paper::exal::mcmc","static_paper::gausmix::0p05::100::paper","PASS",TRUE,53.56,0.812404938082459,0.83,2.31508898754691,0.632139703934264,0.148322028838624,0.987955662573566,NA,NA,NA,"validation_tables",NA
"static_paper","static_paper","gausmix","0p05",100,"paper","al","vb","static_paper::gausmix::0p05::100::paper::al::vb","static_paper::gausmix::0p05::100::paper","PASS",TRUE,0.128,1.45455224205278,0.28,0.95358977449953,1.13181060113843,-0.00454110577343539,0.9649167042443,NA,NA,NA,"validation_tables",NA
"static_paper","static_paper","gausmix","0p05",100,"paper","exal","vb","static_paper::gausmix::0p05::100::paper::exal::vb","static_paper::gausmix::0p05::100::paper","PASS",TRUE,10.362,1.03202737591321,0.52,1.46984099339323,0.79800469147491,0.296615791078004,0.980528415888431,NA,NA,NA,"validation_tables",NA
"static_paper","static_paper","gausmix","0p05",1000,"paper","al","mcmc","static_paper::gausmix::0p05::1000::paper::al::mcmc","static_paper::gausmix::0p05::1000::paper","PASS",TRUE,80.418,0.43982322525956,0.453,0.557550004054411,0.351071901174409,-0.10386902015034,0.996363315444602,NA,NA,NA,"validation_tables",NA
"static_paper","static_paper","gausmix","0p05",1000,"paper","exal","mcmc","static_paper::gausmix::0p05::1000::paper::exal::mcmc","static_paper::gausmix::0p05::1000::paper","PASS",TRUE,65.241,0.40458249541562,0.429,0.657960061650104,0.359986153884508,0.352871050927188,0.999144049898489,NA,NA,NA,"validation_tables",NA
"static_paper","static_paper","gausmix","0p05",1000,"paper","al","vb","static_paper::gausmix::0p05::1000::paper::al::vb","static_paper::gausmix::0p05::1000::paper","PASS",TRUE,0.345,0.427855367327287,0.243,0.284856402522348,0.341431195328595,-0.121418328943091,0.996529551199065,NA,NA,NA,"validation_tables",NA
"static_paper","static_paper","gausmix","0p05",1000,"paper","exal","vb","static_paper::gausmix::0p05::1000::paper::exal::vb","static_paper::gausmix::0p05::1000::paper","PASS",TRUE,14.528,0.581605322091971,0.116,0.396209774678487,0.524193978313833,0.51886442022227,0.998593880072851,NA,NA,NA,"validation_tables",NA
"static_paper","static_paper","gausmix","0p25",100,"paper","al","mcmc","static_paper::gausmix::0p25::100::paper::al::mcmc","static_paper::gausmix::0p25::100::paper","PASS",TRUE,19.805,0.683948651245526,0.88,2.19631151147724,0.544856547036002,-0.0750220695564445,0.990876891612556,NA,NA,NA,"validation_tables",NA
"static_paper","static_paper","gausmix","0p25",100,"paper","exal","mcmc","static_paper::gausmix::0p25::100::paper::exal::mcmc","static_paper::gausmix::0p25::100::paper","WARN",TRUE,54.294,0.755185975752924,0.83,2.03086549436958,0.615328114273742,0.111814330733798,0.989632025719168,NA,NA,NA,"validation_tables",NA
"static_paper","static_paper","gausmix","0p25",100,"paper","al","vb","static_paper::gausmix::0p25::100::paper::al::vb","static_paper::gausmix::0p25::100::paper","PASS",TRUE,0.0419999999999998,0.703369101071372,0.67,1.4534480267232,0.564088168355429,-0.0715944250704418,0.989961798193329,NA,NA,NA,"validation_tables",NA
"static_paper","static_paper","gausmix","0p25",100,"paper","exal","vb","static_paper::gausmix::0p25::100::paper::exal::vb","static_paper::gausmix::0p25::100::paper","WARN",TRUE,13.626,NA,NA,NA,NA,NA,NA,NA,NA,NA,"validation_tables",NA
"static_paper","static_paper","gausmix","0p25",1000,"paper","al","mcmc","static_paper::gausmix::0p25::1000::paper::al::mcmc","static_paper::gausmix::0p25::1000::paper","PASS",TRUE,111.366,0.298752909980154,0.672,0.60998769355587,0.237284543233019,-0.0166845357169602,0.99804142024258,NA,NA,NA,"validation_tables",NA
"static_paper","static_paper","gausmix","0p25",1000,"paper","exal","mcmc","static_paper::gausmix::0p25::1000::paper::exal::mcmc","static_paper::gausmix::0p25::1000::paper","PASS",TRUE,59.175,0.212862840606021,0.872,0.652860609371341,0.173107099991481,0.0885779467321044,0.999246938483953,NA,NA,NA,"validation_tables",NA
"static_paper","static_paper","gausmix","0p25",1000,"paper","al","vb","static_paper::gausmix::0p25::1000::paper::al::vb","static_paper::gausmix::0p25::1000::paper","PASS",TRUE,1.261,0.308259985981228,0.439,0.368883496979443,0.244791803571536,-0.0213680456352901,0.997922061737833,NA,NA,NA,"validation_tables",NA
"static_paper","static_paper","gausmix","0p25",1000,"paper","exal","vb","static_paper::gausmix::0p25::1000::paper::exal::vb","static_paper::gausmix::0p25::1000::paper","WARN",TRUE,16.775,NA,NA,NA,NA,NA,NA,NA,NA,NA,"validation_tables",NA
"static_paper","static_paper","gausmix","0p95",100,"paper","al","mcmc","static_paper::gausmix::0p95::100::paper::al::mcmc","static_paper::gausmix::0p95::100::paper","PASS",TRUE,6.278,1.1091326554286,0.51,1.89296357290392,0.935394160792732,-0.461520472049758,0.98442498748055,NA,NA,NA,"validation_tables",NA
"static_paper","static_paper","gausmix","0p95",100,"paper","exal","mcmc","static_paper::gausmix::0p95::100::paper::exal::mcmc","static_paper::gausmix::0p95::100::paper","WARN",TRUE,53.368,1.209233338791,0.53,2.17705782144677,1.02319942979499,-0.787248844877497,0.985145536859083,NA,NA,NA,"validation_tables",NA
"static_paper","static_paper","gausmix","0p95",100,"paper","al","vb","static_paper::gausmix::0p95::100::paper::al::vb","static_paper::gausmix::0p95::100::paper","PASS",TRUE,0.115,1.1885741635325,0.21,0.850581530247755,0.992314302743778,-0.435485170412343,0.977861752380248,NA,NA,NA,"validation_tables",NA
"static_paper","static_paper","gausmix","0p95",100,"paper","exal","vb","static_paper::gausmix::0p95::100::paper::exal::vb","static_paper::gausmix::0p95::100::paper","PASS",TRUE,9.913,1.4117197221197,0.32,1.27852597576766,1.1909591046557,-1.00611268652272,0.987342204161377,NA,NA,NA,"validation_tables",NA
"static_paper","static_paper","gausmix","0p95",1000,"paper","al","mcmc","static_paper::gausmix::0p95::1000::paper::al::mcmc","static_paper::gausmix::0p95::1000::paper","PASS",TRUE,8.724,0.373118089761044,0.6,0.670274488050812,0.299483528917588,-0.21786823292285,0.997983529307132,NA,NA,NA,"validation_tables",NA
"static_paper","static_paper","gausmix","0p95",1000,"paper","exal","mcmc","static_paper::gausmix::0p95::1000::paper::exal::mcmc","static_paper::gausmix::0p95::1000::paper","WARN",TRUE,180.42,0.647615606027886,0.092,0.649956281359081,0.612534381372408,-0.612508871923786,0.999241023152866,NA,NA,NA,"validation_tables",NA
"static_paper","static_paper","gausmix","0p95",1000,"paper","al","vb","static_paper::gausmix::0p95::1000::paper::al::vb","static_paper::gausmix::0p95::1000::paper","PASS",TRUE,0.238,0.392593005689308,0.298,0.300496807614897,0.314800295453444,-0.233875733935421,0.997844679144628,NA,NA,NA,"validation_tables",NA
"static_paper","static_paper","gausmix","0p95",1000,"paper","exal","vb","static_paper::gausmix::0p95::1000::paper::exal::vb","static_paper::gausmix::0p95::1000::paper","PASS",TRUE,13.895,0.808128242335826,0.02,0.411959447637663,0.765163265852263,-0.765149540832029,0.998845633342293,NA,NA,NA,"validation_tables",NA
"static_paper","static_paper","laplace","0p05",100,"paper","al","mcmc","static_paper::laplace::0p05::100::paper::al::mcmc","static_paper::laplace::0p05::100::paper","PASS",TRUE,1.076,2.81119188027568,0.35,2.69363361187355,2.30668958422764,1.50796226928281,0.924573342548858,NA,NA,NA,"validation_tables",NA
"static_paper","static_paper","laplace","0p05",100,"paper","exal","mcmc","static_paper::laplace::0p05::100::paper::exal::mcmc","static_paper::laplace::0p05::100::paper","PASS",TRUE,53.048,2.12201132482493,0.41,3.67139079640738,1.85589435534499,1.78359756033884,0.977380314480276,NA,NA,NA,"validation_tables",NA
"static_paper","static_paper","laplace","0p05",100,"paper","al","vb","static_paper::laplace::0p05::100::paper::al::vb","static_paper::laplace::0p05::100::paper","PASS",TRUE,0.0309999999999997,2.95959920013797,0.13,1.34061307941705,2.44248879721153,1.61110848362327,0.922198142594084,NA,NA,NA,"validation_tables",NA
"static_paper","static_paper","laplace","0p05",100,"paper","exal","vb","static_paper::laplace::0p05::100::paper::exal::vb","static_paper::laplace::0p05::100::paper","PASS",TRUE,13.95,2.86708575415728,0.18,1.82312984799281,2.40480169659386,1.9095682975436,0.938673397746143,NA,NA,NA,"validation_tables",NA
"static_paper","static_paper","laplace","0p05",1000,"paper","al","mcmc","static_paper::laplace::0p05::1000::paper::al::mcmc","static_paper::laplace::0p05::1000::paper","PASS",TRUE,3.496,1.2967270190478,0.392,1.47763996084679,1.03803068613175,-0.220467960852496,0.96372658997788,NA,NA,NA,"validation_tables",NA
"static_paper","static_paper","laplace","0p05",1000,"paper","exal","mcmc","static_paper::laplace::0p05::1000::paper::exal::mcmc","static_paper::laplace::0p05::1000::paper","PASS",TRUE,57.608,1.24492534590157,0.289,1.29746500051538,1.07422858002435,1.03154525085709,0.989420061407282,NA,NA,NA,"validation_tables",NA
"static_paper","static_paper","laplace","0p05",1000,"paper","al","vb","static_paper::laplace::0p05::1000::paper::al::vb","static_paper::laplace::0p05::1000::paper","PASS",TRUE,0.212,1.3473458153502,0.162,0.660707273839925,1.08232247677193,-0.17074745935046,0.960022335293482,NA,NA,NA,"validation_tables",NA
"static_paper","static_paper","laplace","0p05",1000,"paper","exal","vb","static_paper::laplace::0p05::1000::paper::exal::vb","static_paper::laplace::0p05::1000::paper","PASS",TRUE,10.053,1.63089525946764,0.118,0.817490606218553,1.42841514508631,1.39212328104816,0.984083708350662,NA,NA,NA,"validation_tables",NA
"static_paper","static_paper","laplace","0p25",100,"paper","al","mcmc","static_paper::laplace::0p25::100::paper::al::mcmc","static_paper::laplace::0p25::100::paper","PASS",TRUE,1.145,0.981031829117628,0.92,3.15029086387062,0.754374718183366,-0.117684488359466,0.988249188285569,NA,NA,NA,"validation_tables",NA
"static_paper","static_paper","laplace","0p25",100,"paper","exal","mcmc","static_paper::laplace::0p25::100::paper::exal::mcmc","static_paper::laplace::0p25::100::paper","PASS",TRUE,53.805,0.598220464874655,0.99,3.01568962637157,0.476712636154189,0.0765346412088812,0.994394323328509,NA,NA,NA,"validation_tables",NA
"static_paper","static_paper","laplace","0p25",100,"paper","al","vb","static_paper::laplace::0p25::100::paper::al::vb","static_paper::laplace::0p25::100::paper","PASS",TRUE,0.0139999999999998,0.978693201773148,0.76,2.2381098759365,0.761510310571726,-0.0645965449677526,0.986981356021193,NA,NA,NA,"validation_tables",NA
"static_paper","static_paper","laplace","0p25",100,"paper","exal","vb","static_paper::laplace::0p25::100::paper::exal::vb","static_paper::laplace::0p25::100::paper","WARN",TRUE,13.726,NA,NA,NA,NA,NA,NA,NA,NA,NA,"validation_tables",NA
"static_paper","static_paper","laplace","0p25",1000,"paper","al","mcmc","static_paper::laplace::0p25::1000::paper::al::mcmc","static_paper::laplace::0p25::1000::paper","PASS",TRUE,28.452,0.705266246825305,0.583,1.13975103147965,0.549578100817838,-0.166605581530991,0.989832597354373,NA,NA,NA,"validation_tables",NA
"static_paper","static_paper","laplace","0p25",1000,"paper","exal","mcmc","static_paper::laplace::0p25::1000::paper::exal::mcmc","static_paper::laplace::0p25::1000::paper","WARN",TRUE,56.17,0.471338915243766,0.78,1.12781566430823,0.367167154080046,-0.178627724915058,0.995810090373709,NA,NA,NA,"validation_tables",NA
"static_paper","static_paper","laplace","0p25",1000,"paper","al","vb","static_paper::laplace::0p25::1000::paper::al::vb","static_paper::laplace::0p25::1000::paper","PASS",TRUE,0.056,0.709131936088342,0.367,0.680416204788212,0.55240795245976,-0.160209540474253,0.98965882164118,NA,NA,NA,"validation_tables",NA
"static_paper","static_paper","laplace","0p25",1000,"paper","exal","vb","static_paper::laplace::0p25::1000::paper::exal::vb","static_paper::laplace::0p25::1000::paper","WARN",TRUE,15.397,NA,NA,NA,NA,NA,NA,NA,NA,NA,"validation_tables",NA
"static_paper","static_paper","laplace","0p95",100,"paper","al","mcmc","static_paper::laplace::0p95::100::paper::al::mcmc","static_paper::laplace::0p95::100::paper","PASS",TRUE,6.301,3.52516597657102,0.63,5.98640688024411,2.68910382451731,0.905029047487165,0.748472188816144,NA,NA,NA,"validation_tables",NA
"static_paper","static_paper","laplace","0p95",100,"paper","exal","mcmc","static_paper::laplace::0p95::100::paper::exal::mcmc","static_paper::laplace::0p95::100::paper","PASS",TRUE,100.036,1.39319968848503,0.94,4.48428271345313,1.18383767104448,-0.735914402698782,0.975617701188071,NA,NA,NA,"validation_tables",NA
"static_paper","static_paper","laplace","0p95",100,"paper","al","vb","static_paper::laplace::0p95::100::paper::al::vb","static_paper::laplace::0p95::100::paper","PASS",TRUE,0.121,3.81627628381992,0.26,2.41067361322785,2.95972539691272,0.711931218885076,0.699932423076582,NA,NA,NA,"validation_tables",NA
"static_paper","static_paper","laplace","0p95",100,"paper","exal","vb","static_paper::laplace::0p95::100::paper::exal::vb","static_paper::laplace::0p95::100::paper","PASS",TRUE,6.72,1.85520859083189,0.5,2.86804406168091,1.58323790536779,-1.1196097056512,0.962087684378358,NA,NA,NA,"validation_tables",NA
"static_paper","static_paper","laplace","0p95",1000,"paper","al","mcmc","static_paper::laplace::0p95::1000::paper::al::mcmc","static_paper::laplace::0p95::1000::paper","PASS",TRUE,3.998,1.26401092097887,0.439,1.58076170935407,1.01863952139784,-0.213872142086621,0.966890881906175,NA,NA,NA,"validation_tables",NA
"static_paper","static_paper","laplace","0p95",1000,"paper","exal","mcmc","static_paper::laplace::0p95::1000::paper::exal::mcmc","static_paper::laplace::0p95::1000::paper","WARN",TRUE,62.504,1.44001158188397,0.043,1.29771674074304,1.39234993960588,-1.39227984526639,0.997175681211422,NA,NA,NA,"validation_tables",NA
"static_paper","static_paper","laplace","0p95",1000,"paper","al","vb","static_paper::laplace::0p95::1000::paper::al::vb","static_paper::laplace::0p95::1000::paper","PASS",TRUE,0.25,1.29667012572744,0.188,0.661178668046536,1.04669467165126,-0.220738072354356,0.965011103104144,NA,NA,NA,"validation_tables",NA
"static_paper","static_paper","laplace","0p95",1000,"paper","exal","vb","static_paper::laplace::0p95::1000::paper::exal::vb","static_paper::laplace::0p95::1000::paper","PASS",TRUE,11.233,1.83178100942835,0.001,0.777298383404959,1.78611322292042,-1.78611322292042,0.996455069914513,NA,NA,NA,"validation_tables",NA
"static_paper","static_paper","normal","0p05",100,"paper","al","mcmc","static_paper::normal::0p05::100::paper::al::mcmc","static_paper::normal::0p05::100::paper","PASS",TRUE,1.007,1.15542070727201,0.76,2.74050308748685,0.935637542574765,0.17974341910312,0.972141280216075,NA,NA,NA,"validation_tables",NA
"static_paper","static_paper","normal","0p05",100,"paper","exal","mcmc","static_paper::normal::0p05::100::paper::exal::mcmc","static_paper::normal::0p05::100::paper","PASS",TRUE,57.289,0.950201840979236,0.89,3.1121275496931,0.774166111846437,0.669713106731333,0.992271462571051,NA,NA,NA,"validation_tables",NA
"static_paper","static_paper","normal","0p05",100,"paper","al","vb","static_paper::normal::0p05::100::paper::al::vb","static_paper::normal::0p05::100::paper","PASS",TRUE,0.097,1.14686726248273,0.37,1.24603898013996,0.925511367030394,0.252349555642402,0.973309874599761,NA,NA,NA,"validation_tables",NA
"static_paper","static_paper","normal","0p05",100,"paper","exal","vb","static_paper::normal::0p05::100::paper::exal::vb","static_paper::normal::0p05::100::paper","PASS",TRUE,13.868,1.29849905038171,0.49,1.79189497234223,1.06632469451813,0.868457350830735,0.981889528672205,NA,NA,NA,"validation_tables",NA
"static_paper","static_paper","normal","0p05",1000,"paper","al","mcmc","static_paper::normal::0p05::1000::paper::al::mcmc","static_paper::normal::0p05::1000::paper","PASS",TRUE,3.427,0.637997348463218,0.549,1.02517913493971,0.50839731327688,-0.206848732178059,0.992463566199493,NA,NA,NA,"validation_tables",NA
"static_paper","static_paper","normal","0p05",1000,"paper","exal","mcmc","static_paper::normal::0p05::1000::paper::exal::mcmc","static_paper::normal::0p05::1000::paper","WARN",TRUE,59.387,0.447530069422418,0.683,0.95696686203584,0.366738023201107,0.28236174176732,0.997469083696842,NA,NA,NA,"validation_tables",NA
"static_paper","static_paper","normal","0p05",1000,"paper","al","vb","static_paper::normal::0p05::1000::paper::al::vb","static_paper::normal::0p05::1000::paper","PASS",TRUE,0.245,0.652234882418315,0.252,0.444001467970722,0.519127470652326,-0.17830310001863,0.991695262415607,NA,NA,NA,"validation_tables",NA
"static_paper","static_paper","normal","0p05",1000,"paper","exal","vb","static_paper::normal::0p05::1000::paper::exal::vb","static_paper::normal::0p05::1000::paper","PASS",TRUE,13.084,0.651084866400061,0.279,0.588501406976623,0.546029440315603,0.492231916564707,0.995994688148214,NA,NA,NA,"validation_tables",NA
"static_paper","static_paper","normal","0p25",100,"paper","al","mcmc","static_paper::normal::0p25::100::paper::al::mcmc","static_paper::normal::0p25::100::paper","PASS",TRUE,1.028,0.837875335887177,0.9,3.01951665651244,0.65657407549589,0.248534973516116,0.98645721636828,NA,NA,NA,"validation_tables",NA
"static_paper","static_paper","normal","0p25",100,"paper","exal","mcmc","static_paper::normal::0p25::100::paper::exal::mcmc","static_paper::normal::0p25::100::paper","WARN",TRUE,534.957,0.982211115633573,0.89,2.96134109989703,0.795743759224706,0.554574405040691,0.986383135889643,NA,NA,NA,"validation_tables",NA
"static_paper","static_paper","normal","0p25",100,"paper","al","vb","static_paper::normal::0p25::100::paper::al::vb","static_paper::normal::0p25::100::paper","PASS",TRUE,0.0789999999999997,0.97941341672965,0.7,2.01814769013093,0.776297379722655,0.266116921833391,0.981720804043075,NA,NA,NA,"validation_tables",NA
"static_paper","static_paper","normal","0p25",100,"paper","exal","vb","static_paper::normal::0p25::100::paper::exal::vb","static_paper::normal::0p25::100::paper","WARN",TRUE,13.665,NA,NA,NA,NA,NA,NA,NA,NA,NA,"validation_tables",NA
"static_paper","static_paper","normal","0p25",1000,"paper","al","mcmc","static_paper::normal::0p25::1000::paper::al::mcmc","static_paper::normal::0p25::1000::paper","PASS",TRUE,4.125,0.515303961636285,0.625,0.929773807107063,0.411916884582476,-0.203058424889175,0.995713449261326,NA,NA,NA,"validation_tables",NA
"static_paper","static_paper","normal","0p25",1000,"paper","exal","mcmc","static_paper::normal::0p25::1000::paper::exal::mcmc","static_paper::normal::0p25::1000::paper","PASS",TRUE,138.084,0.34469973734278,0.827,0.953532581327569,0.27692295705974,0.111274926401647,0.998186609791945,NA,NA,NA,"validation_tables",NA
"static_paper","static_paper","normal","0p25",1000,"paper","al","vb","static_paper::normal::0p25::1000::paper::al::vb","static_paper::normal::0p25::1000::paper","PASS",TRUE,0.131,0.540743114361164,0.368,0.547956798455637,0.432623762540297,-0.192341195348608,0.994963144475847,NA,NA,NA,"validation_tables",NA
"static_paper","static_paper","normal","0p25",1000,"paper","exal","vb","static_paper::normal::0p25::1000::paper::exal::vb","static_paper::normal::0p25::1000::paper","WARN",TRUE,15.414,NA,NA,NA,NA,NA,NA,NA,NA,NA,"validation_tables",NA
"static_paper","static_paper","normal","0p95",100,"paper","al","mcmc","static_paper::normal::0p95::100::paper::al::mcmc","static_paper::normal::0p95::100::paper","PASS",TRUE,0.998,1.69709367804667,0.57,2.56316291984766,1.33671918498225,-0.00481695782173311,0.938707500469864,NA,NA,NA,"validation_tables",NA
"static_paper","static_paper","normal","0p95",100,"paper","exal","mcmc","static_paper::normal::0p95::100::paper::exal::mcmc","static_paper::normal::0p95::100::paper","WARN",TRUE,52.908,1.19510655584118,0.76,2.96752640330995,0.8846803463867,-0.206841107329398,0.970284651481405,NA,NA,NA,"validation_tables",NA
"static_paper","static_paper","normal","0p95",100,"paper","al","vb","static_paper::normal::0p95::100::paper::al::vb","static_paper::normal::0p95::100::paper","PASS",TRUE,0.107,1.76435534399846,0.35,1.16349090836343,1.36305288631979,-0.119700465352522,0.933970978260061,NA,NA,NA,"validation_tables",NA
"static_paper","static_paper","normal","0p95",100,"paper","exal","vb","static_paper::normal::0p95::100::paper::exal::vb","static_paper::normal::0p95::100::paper","PASS",TRUE,13.317,1.61433792047079,0.44,1.60456675806412,1.24299560787401,-0.26867441348367,0.946057174527683,NA,NA,NA,"validation_tables",NA
"static_paper","static_paper","normal","0p95",1000,"paper","al","mcmc","static_paper::normal::0p95::1000::paper::al::mcmc","static_paper::normal::0p95::1000::paper","PASS",TRUE,9.809,0.582358080646993,0.591,1.00999419316126,0.468505897317546,0.0579758542270481,0.992672340460619,NA,NA,NA,"validation_tables",NA
"static_paper","static_paper","normal","0p95",1000,"paper","exal","mcmc","static_paper::normal::0p95::1000::paper::exal::mcmc","static_paper::normal::0p95::1000::paper","WARN",TRUE,183.427,0.604983577443073,0.425,0.919892987614928,0.525835757108921,-0.511411478340748,0.998756978535665,NA,NA,NA,"validation_tables",NA
"static_paper","static_paper","normal","0p95",1000,"paper","al","vb","static_paper::normal::0p95::1000::paper::al::vb","static_paper::normal::0p95::1000::paper","PASS",TRUE,0.229,0.614891795745133,0.255,0.441817786654883,0.493353075191858,0.108946775703597,0.991998388934117,NA,NA,NA,"validation_tables",NA
"static_paper","static_paper","normal","0p95",1000,"paper","exal","vb","static_paper::normal::0p95::1000::paper::exal::vb","static_paper::normal::0p95::1000::paper","PASS",TRUE,12.269,0.810491162636825,0.115,0.577164770197573,0.73474615493268,-0.731068883706654,0.998596204257005,NA,NA,NA,"validation_tables",NA
"static_shrink","static_shrink","gausmix","0p05",100,"rhs_ns","al","mcmc","static_shrink::gausmix::0p05::100::rhs_ns::al::mcmc","static_shrink::gausmix::0p05::100::rhs_ns","PASS",TRUE,16.554,0.878828587513323,NA,NA,NA,NA,NA,0.667285714285714,0.322805987539308,0.0928571428571429,"rhsns_wave_metrics",NA
"static_shrink","static_shrink","gausmix","0p05",100,"rhs_ns","exal","mcmc","static_shrink::gausmix::0p05::100::rhs_ns::exal::mcmc","static_shrink::gausmix::0p05::100::rhs_ns","WARN",TRUE,80.296,0.979107579742542,NA,NA,NA,NA,NA,0.665178571428571,0.288633614913553,0.164285714285714,"rhsns_wave_metrics",NA
"static_shrink","static_shrink","gausmix","0p05",100,"rhs_ns","al","vb","static_shrink::gausmix::0p05::100::rhs_ns::al::vb","static_shrink::gausmix::0p05::100::rhs_ns","PASS",TRUE,0.884,1.01478052053253,NA,NA,NA,NA,NA,0.681714285714286,0.24741907137044,0.378571428571429,"rhsns_wave_metrics",NA
"static_shrink","static_shrink","gausmix","0p05",100,"rhs_ns","exal","vb","static_shrink::gausmix::0p05::100::rhs_ns::exal::vb","static_shrink::gausmix::0p05::100::rhs_ns","PASS",TRUE,16.601,1.01541602476308,NA,NA,NA,NA,NA,0.697071428571429,0.21872149613454,0.307142857142857,"rhsns_wave_metrics",NA
"static_shrink","static_shrink","gausmix","0p05",1000,"rhs_ns","al","mcmc","static_shrink::gausmix::0p05::1000::rhs_ns::al::mcmc","static_shrink::gausmix::0p05::1000::rhs_ns","PASS",TRUE,9.471,0.691062415945199,NA,NA,NA,NA,NA,0.837428571428571,0.185537967930673,0.378571428571429,"rhsns_wave_metrics",NA
"static_shrink","static_shrink","gausmix","0p05",1000,"rhs_ns","exal","mcmc","static_shrink::gausmix::0p05::1000::rhs_ns::exal::mcmc","static_shrink::gausmix::0p05::1000::rhs_ns","WARN",TRUE,112.909,0.535561847016403,NA,NA,NA,NA,NA,0.853809523809524,0.113967096839403,0.0214285714285714,"rhsns_wave_metrics",NA
"static_shrink","static_shrink","gausmix","0p05",1000,"rhs_ns","al","vb","static_shrink::gausmix::0p05::1000::rhs_ns::al::vb","static_shrink::gausmix::0p05::1000::rhs_ns","PASS",TRUE,1.213,0.711142692632194,NA,NA,NA,NA,NA,0.852285714285714,0.179817578280236,0.664285714285714,"rhsns_wave_metrics",NA
"static_shrink","static_shrink","gausmix","0p05",1000,"rhs_ns","exal","vb","static_shrink::gausmix::0p05::1000::rhs_ns::exal::vb","static_shrink::gausmix::0p05::1000::rhs_ns","PASS",TRUE,12.643,0.672927875820735,NA,NA,NA,NA,NA,0.857142857142857,0.0960942642269203,0.45,"rhsns_wave_metrics",NA
"static_shrink","static_shrink","gausmix","0p25",100,"rhs_ns","al","mcmc","static_shrink::gausmix::0p25::100::rhs_ns::al::mcmc","static_shrink::gausmix::0p25::100::rhs_ns","WARN",TRUE,6.365,0.974073426028139,NA,NA,NA,NA,NA,0.6385,0.319495627921382,0.164285714285714,"rhsns_wave_metrics",NA
"static_shrink","static_shrink","gausmix","0p25",100,"rhs_ns","exal","mcmc","static_shrink::gausmix::0p25::100::rhs_ns::exal::mcmc","static_shrink::gausmix::0p25::100::rhs_ns","PASS",TRUE,80.371,1.06962857518981,NA,NA,NA,NA,NA,0.634,0.308144690507568,0.164285714285714,"rhsns_wave_metrics",NA
"static_shrink","static_shrink","gausmix","0p25",100,"rhs_ns","al","vb","static_shrink::gausmix::0p25::100::rhs_ns::al::vb","static_shrink::gausmix::0p25::100::rhs_ns","PASS",TRUE,0.624,0.851136273214928,NA,NA,NA,NA,NA,0.593571428571429,0.308097020905055,0.45,"rhsns_wave_metrics",NA
"static_shrink","static_shrink","gausmix","0p25",100,"rhs_ns","exal","vb","static_shrink::gausmix::0p25::100::rhs_ns::exal::vb","static_shrink::gausmix::0p25::100::rhs_ns","WARN",TRUE,30.093,NA,NA,NA,NA,NA,NA,0.571428571428571,0.312142857142857,0.592857142857143,"rhsns_wave_metrics",NA
"static_shrink","static_shrink","gausmix","0p25",1000,"rhs_ns","al","mcmc","static_shrink::gausmix::0p25::1000::rhs_ns::al::mcmc","static_shrink::gausmix::0p25::1000::rhs_ns","PASS",TRUE,9.448,0.284377357275203,NA,NA,NA,NA,NA,0.855928571428571,0.0991303686693009,0.164285714285714,"rhsns_wave_metrics",NA
"static_shrink","static_shrink","gausmix","0p25",1000,"rhs_ns","exal","mcmc","static_shrink::gausmix::0p25::1000::rhs_ns::exal::mcmc","static_shrink::gausmix::0p25::1000::rhs_ns","WARN",TRUE,293.829,0.321082537722167,NA,NA,NA,NA,NA,0.854428571428571,0.104783905167098,0.164285714285714,"rhsns_wave_metrics",NA
"static_shrink","static_shrink","gausmix","0p25",1000,"rhs_ns","al","vb","static_shrink::gausmix::0p25::1000::rhs_ns::al::vb","static_shrink::gausmix::0p25::1000::rhs_ns","PASS",TRUE,0.966,0.2951734454516,NA,NA,NA,NA,NA,0.857142857142857,0.0845912388339428,0.45,"rhsns_wave_metrics",NA
"static_shrink","static_shrink","gausmix","0p25",1000,"rhs_ns","exal","vb","static_shrink::gausmix::0p25::1000::rhs_ns::exal::vb","static_shrink::gausmix::0p25::1000::rhs_ns","WARN",TRUE,37.727,NA,NA,NA,NA,NA,NA,0.571428571428571,0.312142857142857,0.592857142857143,"rhsns_wave_metrics",NA
"static_shrink","static_shrink","gausmix","0p95",100,"rhs_ns","al","mcmc","static_shrink::gausmix::0p95::100::rhs_ns::al::mcmc","static_shrink::gausmix::0p95::100::rhs_ns","PASS",TRUE,6.926,0.866373257534272,NA,NA,NA,NA,NA,0.691571428571429,0.291633991068179,0.0928571428571429,"rhsns_wave_metrics",NA
"static_shrink","static_shrink","gausmix","0p95",100,"rhs_ns","exal","mcmc","static_shrink::gausmix::0p95::100::rhs_ns::exal::mcmc","static_shrink::gausmix::0p95::100::rhs_ns","WARN",TRUE,107.293,0.860263070949829,NA,NA,NA,NA,NA,0.674761904761905,0.279048134442316,0.0928571428571429,"rhsns_wave_metrics",NA
"static_shrink","static_shrink","gausmix","0p95",100,"rhs_ns","al","vb","static_shrink::gausmix::0p95::100::rhs_ns::al::vb","static_shrink::gausmix::0p95::100::rhs_ns","PASS",TRUE,0.973,0.90923629761894,NA,NA,NA,NA,NA,0.746357142857143,0.237194917768538,0.378571428571429,"rhsns_wave_metrics",NA
"static_shrink","static_shrink","gausmix","0p95",100,"rhs_ns","exal","vb","static_shrink::gausmix::0p95::100::rhs_ns::exal::vb","static_shrink::gausmix::0p95::100::rhs_ns","PASS",TRUE,23.925,0.850179085198734,NA,NA,NA,NA,NA,0.747928571428571,0.21451366714184,0.307142857142857,"rhsns_wave_metrics",NA
"static_shrink","static_shrink","gausmix","0p95",1000,"rhs_ns","al","mcmc","static_shrink::gausmix::0p95::1000::rhs_ns::al::mcmc","static_shrink::gausmix::0p95::1000::rhs_ns","PASS",TRUE,9.821,0.490651726891751,NA,NA,NA,NA,NA,0.825857142857143,0.134373128332454,0.164285714285714,"rhsns_wave_metrics",NA
"static_shrink","static_shrink","gausmix","0p95",1000,"rhs_ns","exal","mcmc","static_shrink::gausmix::0p95::1000::rhs_ns::exal::mcmc","static_shrink::gausmix::0p95::1000::rhs_ns","WARN",TRUE,102.111,0.690084879948714,NA,NA,NA,NA,NA,0.856380952380952,0.0960672196076084,0.0214285714285714,"rhsns_wave_metrics",NA
"static_shrink","static_shrink","gausmix","0p95",1000,"rhs_ns","al","vb","static_shrink::gausmix::0p95::1000::rhs_ns::al::vb","static_shrink::gausmix::0p95::1000::rhs_ns","PASS",TRUE,1.206,0.503457111208223,NA,NA,NA,NA,NA,0.857428571428571,0.109500137310506,0.378571428571429,"rhsns_wave_metrics",NA
"static_shrink","static_shrink","gausmix","0p95",1000,"rhs_ns","exal","vb","static_shrink::gausmix::0p95::1000::rhs_ns::exal::vb","static_shrink::gausmix::0p95::1000::rhs_ns","PASS",TRUE,15.237,0.827401054299986,NA,NA,NA,NA,NA,0.857071428571428,0.0825207952297353,0.378571428571429,"rhsns_wave_metrics",NA
"static_shrink","static_shrink","laplace","0p05",100,"rhs_ns","al","mcmc","static_shrink::laplace::0p05::100::rhs_ns::al::mcmc","static_shrink::laplace::0p05::100::rhs_ns","PASS",TRUE,6.701,0.826115287115283,NA,NA,NA,NA,NA,0.640357142857143,0.259323989240753,0.164285714285714,"rhsns_wave_metrics",NA
"static_shrink","static_shrink","laplace","0p05",100,"rhs_ns","exal","mcmc","static_shrink::laplace::0p05::100::rhs_ns::exal::mcmc","static_shrink::laplace::0p05::100::rhs_ns","PASS",TRUE,70.091,0.582598566764588,NA,NA,NA,NA,NA,0.729071428571429,0.193056769748376,0.0928571428571429,"rhsns_wave_metrics",NA
"static_shrink","static_shrink","laplace","0p05",100,"rhs_ns","al","vb","static_shrink::laplace::0p05::100::rhs_ns::al::vb","static_shrink::laplace::0p05::100::rhs_ns","PASS",TRUE,0.907,0.933723700629096,NA,NA,NA,NA,NA,0.610571428571429,0.226611598123136,0.592857142857143,"rhsns_wave_metrics",NA
"static_shrink","static_shrink","laplace","0p05",100,"rhs_ns","exal","vb","static_shrink::laplace::0p05::100::rhs_ns::exal::vb","static_shrink::laplace::0p05::100::rhs_ns","PASS",TRUE,14.333,0.71443281421508,NA,NA,NA,NA,NA,0.712,0.174598910671975,0.307142857142857,"rhsns_wave_metrics",NA
"static_shrink","static_shrink","laplace","0p05",1000,"rhs_ns","al","mcmc","static_shrink::laplace::0p05::1000::rhs_ns::al::mcmc","static_shrink::laplace::0p05::1000::rhs_ns","PASS",TRUE,9.202,0.347002167523964,NA,NA,NA,NA,NA,0.826857142857143,0.118011463468669,0.307142857142857,"rhsns_wave_metrics",NA
"static_shrink","static_shrink","laplace","0p05",1000,"rhs_ns","exal","mcmc","static_shrink::laplace::0p05::1000::rhs_ns::exal::mcmc","static_shrink::laplace::0p05::1000::rhs_ns","PASS",TRUE,101.801,0.471244920644153,NA,NA,NA,NA,NA,0.860571428571429,0.0625667314705762,0.0928571428571429,"rhsns_wave_metrics",NA
"static_shrink","static_shrink","laplace","0p05",1000,"rhs_ns","al","vb","static_shrink::laplace::0p05::1000::rhs_ns::al::vb","static_shrink::laplace::0p05::1000::rhs_ns","PASS",TRUE,1.136,0.366935075765827,NA,NA,NA,NA,NA,0.816071428571429,0.10071095009203,0.592857142857143,"rhsns_wave_metrics",NA
"static_shrink","static_shrink","laplace","0p05",1000,"rhs_ns","exal","vb","static_shrink::laplace::0p05::1000::rhs_ns::exal::vb","static_shrink::laplace::0p05::1000::rhs_ns","PASS",TRUE,12.894,0.569000079267141,NA,NA,NA,NA,NA,0.856785714285714,0.0593116045337905,0.307142857142857,"rhsns_wave_metrics",NA
"static_shrink","static_shrink","laplace","0p25",100,"rhs_ns","al","mcmc","static_shrink::laplace::0p25::100::rhs_ns::al::mcmc","static_shrink::laplace::0p25::100::rhs_ns","PASS",TRUE,6.358,0.581938642735781,NA,NA,NA,NA,NA,0.758357142857143,0.179976337740571,0.05,"rhsns_wave_metrics",NA
"static_shrink","static_shrink","laplace","0p25",100,"rhs_ns","exal","mcmc","static_shrink::laplace::0p25::100::rhs_ns::exal::mcmc","static_shrink::laplace::0p25::100::rhs_ns","PASS",TRUE,76.847,0.330382957799441,NA,NA,NA,NA,NA,0.80647619047619,0.150934351402099,0.05,"rhsns_wave_metrics",NA
"static_shrink","static_shrink","laplace","0p25",100,"rhs_ns","al","vb","static_shrink::laplace::0p25::100::rhs_ns::al::vb","static_shrink::laplace::0p25::100::rhs_ns","PASS",TRUE,0.617,0.593089983458767,NA,NA,NA,NA,NA,0.757,0.157000448939987,0.0928571428571429,"rhsns_wave_metrics",NA
"static_shrink","static_shrink","laplace","0p25",100,"rhs_ns","exal","vb","static_shrink::laplace::0p25::100::rhs_ns::exal::vb","static_shrink::laplace::0p25::100::rhs_ns","WARN",TRUE,28.711,NA,NA,NA,NA,NA,NA,0.571428571428571,0.312142857142857,0.592857142857143,"rhsns_wave_metrics",NA
"static_shrink","static_shrink","laplace","0p25",1000,"rhs_ns","al","mcmc","static_shrink::laplace::0p25::1000::rhs_ns::al::mcmc","static_shrink::laplace::0p25::1000::rhs_ns","PASS",TRUE,9.286,0.145829457715202,NA,NA,NA,NA,NA,0.857642857142857,0.0586576690514112,0.0928571428571429,"rhsns_wave_metrics",NA
"static_shrink","static_shrink","laplace","0p25",1000,"rhs_ns","exal","mcmc","static_shrink::laplace::0p25::1000::rhs_ns::exal::mcmc","static_shrink::laplace::0p25::1000::rhs_ns","PASS",TRUE,71.004,0.0973254066282305,NA,NA,NA,NA,NA,0.861845238095238,0.0456457270078331,0.05,"rhsns_wave_metrics",NA
"static_shrink","static_shrink","laplace","0p25",1000,"rhs_ns","al","vb","static_shrink::laplace::0p25::1000::rhs_ns::al::vb","static_shrink::laplace::0p25::1000::rhs_ns","PASS",TRUE,1.028,0.145175179051323,NA,NA,NA,NA,NA,0.857142857142857,0.0443247041901792,0.164285714285714,"rhsns_wave_metrics",NA
"static_shrink","static_shrink","laplace","0p25",1000,"rhs_ns","exal","vb","static_shrink::laplace::0p25::1000::rhs_ns::exal::vb","static_shrink::laplace::0p25::1000::rhs_ns","WARN",TRUE,35.742,NA,NA,NA,NA,NA,NA,0.571428571428571,0.312142857142857,0.592857142857143,"rhsns_wave_metrics",NA
"static_shrink","static_shrink","laplace","0p95",100,"rhs_ns","al","mcmc","static_shrink::laplace::0p95::100::rhs_ns::al::mcmc","static_shrink::laplace::0p95::100::rhs_ns","WARN",TRUE,6.647,1.20137595773005,NA,NA,NA,NA,NA,0.667857142857143,0.391801054332288,0.45,"rhsns_wave_metrics",NA
"static_shrink","static_shrink","laplace","0p95",100,"rhs_ns","exal","mcmc","static_shrink::laplace::0p95::100::rhs_ns::exal::mcmc","static_shrink::laplace::0p95::100::rhs_ns","WARN",TRUE,73.02,0.525160576064904,NA,NA,NA,NA,NA,0.768928571428571,0.19088676841939,0.0214285714285714,"rhsns_wave_metrics",NA
"static_shrink","static_shrink","laplace","0p95",100,"rhs_ns","al","vb","static_shrink::laplace::0p95::100::rhs_ns::al::vb","static_shrink::laplace::0p95::100::rhs_ns","PASS",TRUE,0.864,1.2870720208525,NA,NA,NA,NA,NA,0.664785714285714,0.363672411183871,0.592857142857143,"rhsns_wave_metrics",NA
"static_shrink","static_shrink","laplace","0p95",100,"rhs_ns","exal","vb","static_shrink::laplace::0p95::100::rhs_ns::exal::vb","static_shrink::laplace::0p95::100::rhs_ns","PASS",TRUE,13.951,0.649195328142622,NA,NA,NA,NA,NA,0.828214285714286,0.140214202622972,0.0214285714285714,"rhsns_wave_metrics",NA
"static_shrink","static_shrink","laplace","0p95",1000,"rhs_ns","al","mcmc","static_shrink::laplace::0p95::1000::rhs_ns::al::mcmc","static_shrink::laplace::0p95::1000::rhs_ns","PASS",TRUE,9.658,0.276605533691821,NA,NA,NA,NA,NA,0.873214285714286,0.070844738600549,0.0928571428571429,"rhsns_wave_metrics",NA
"static_shrink","static_shrink","laplace","0p95",1000,"rhs_ns","exal","mcmc","static_shrink::laplace::0p95::1000::rhs_ns::exal::mcmc","static_shrink::laplace::0p95::1000::rhs_ns","WARN",TRUE,72.218,0.54031257363454,NA,NA,NA,NA,NA,0.894,0.0541395304863927,0.0214285714285714,"rhsns_wave_metrics",NA
"static_shrink","static_shrink","laplace","0p95",1000,"rhs_ns","al","vb","static_shrink::laplace::0p95::1000::rhs_ns::al::vb","static_shrink::laplace::0p95::1000::rhs_ns","PASS",TRUE,1.447,0.287380885833066,NA,NA,NA,NA,NA,0.886357142857143,0.0511241681614762,0.45,"rhsns_wave_metrics",NA
"static_shrink","static_shrink","laplace","0p95",1000,"rhs_ns","exal","vb","static_shrink::laplace::0p95::1000::rhs_ns::exal::vb","static_shrink::laplace::0p95::1000::rhs_ns","PASS",TRUE,13.087,0.657041535925449,NA,NA,NA,NA,NA,0.909285714285714,0.0466181640271414,0.307142857142857,"rhsns_wave_metrics",NA
"static_shrink","static_shrink","normal","0p05",100,"rhs_ns","al","mcmc","static_shrink::normal::0p05::100::rhs_ns::al::mcmc","static_shrink::normal::0p05::100::rhs_ns","PASS",TRUE,6.974,0.50995452709509,NA,NA,NA,NA,NA,0.766357142857143,0.171727603409115,0.0214285714285714,"rhsns_wave_metrics",NA
"static_shrink","static_shrink","normal","0p05",100,"rhs_ns","exal","mcmc","static_shrink::normal::0p05::100::rhs_ns::exal::mcmc","static_shrink::normal::0p05::100::rhs_ns","WARN",TRUE,33.518,0.425139524163126,NA,NA,NA,NA,NA,0.763142857142857,0.148304082192095,0.05,"rhsns_wave_metrics",NA
"static_shrink","static_shrink","normal","0p05",100,"rhs_ns","al","vb","static_shrink::normal::0p05::100::rhs_ns::al::vb","static_shrink::normal::0p05::100::rhs_ns","PASS",TRUE,2.685,0.561396022112212,NA,NA,NA,NA,NA,0.825142857142857,0.136204024445514,0.45,"rhsns_wave_metrics",NA
"static_shrink","static_shrink","normal","0p05",100,"rhs_ns","exal","vb","static_shrink::normal::0p05::100::rhs_ns::exal::vb","static_shrink::normal::0p05::100::rhs_ns","PASS",TRUE,13.259,0.542985298411856,NA,NA,NA,NA,NA,0.823357142857143,0.121301571934237,0.235714285714286,"rhsns_wave_metrics",NA
"static_shrink","static_shrink","normal","0p05",1000,"rhs_ns","al","mcmc","static_shrink::normal::0p05::1000::rhs_ns::al::mcmc","static_shrink::normal::0p05::1000::rhs_ns","PASS",TRUE,9.212,0.224859060494508,NA,NA,NA,NA,NA,0.927571428571429,0.0570346622542454,0.235714285714286,"rhsns_wave_metrics",NA
"static_shrink","static_shrink","normal","0p05",1000,"rhs_ns","exal","mcmc","static_shrink::normal::0p05::1000::rhs_ns::exal::mcmc","static_shrink::normal::0p05::1000::rhs_ns","WARN",TRUE,131.43,0.207558711672621,NA,NA,NA,NA,NA,0.905238095238095,0.0464361119832502,0.0214285714285714,"rhsns_wave_metrics",NA
"static_shrink","static_shrink","normal","0p05",1000,"rhs_ns","al","vb","static_shrink::normal::0p05::1000::rhs_ns::al::vb","static_shrink::normal::0p05::1000::rhs_ns","PASS",TRUE,0.976,0.230156775317431,NA,NA,NA,NA,NA,0.928571428571429,0.0504373945942189,0.521428571428571,"rhsns_wave_metrics",NA
"static_shrink","static_shrink","normal","0p05",1000,"rhs_ns","exal","vb","static_shrink::normal::0p05::1000::rhs_ns::exal::vb","static_shrink::normal::0p05::1000::rhs_ns","PASS",TRUE,14.207,0.258601795480292,NA,NA,NA,NA,NA,0.897142857142857,0.0462048533214223,0.45,"rhsns_wave_metrics",NA
"static_shrink","static_shrink","normal","0p25",100,"rhs_ns","al","mcmc","static_shrink::normal::0p25::100::rhs_ns::al::mcmc","static_shrink::normal::0p25::100::rhs_ns","PASS",TRUE,6.461,0.444429033907687,NA,NA,NA,NA,NA,0.805285714285714,0.142573777662593,0.0214285714285714,"rhsns_wave_metrics",NA
"static_shrink","static_shrink","normal","0p25",100,"rhs_ns","exal","mcmc","static_shrink::normal::0p25::100::rhs_ns::exal::mcmc","static_shrink::normal::0p25::100::rhs_ns","WARN",TRUE,74.232,0.313551974917207,NA,NA,NA,NA,NA,0.816488095238095,0.13646773000224,0.05,"rhsns_wave_metrics",NA
"static_shrink","static_shrink","normal","0p25",100,"rhs_ns","al","vb","static_shrink::normal::0p25::100::rhs_ns::al::vb","static_shrink::normal::0p25::100::rhs_ns","PASS",TRUE,1.442,0.56498240139359,NA,NA,NA,NA,NA,0.775785714285714,0.144577044643006,0.45,"rhsns_wave_metrics",NA
"static_shrink","static_shrink","normal","0p25",100,"rhs_ns","exal","vb","static_shrink::normal::0p25::100::rhs_ns::exal::vb","static_shrink::normal::0p25::100::rhs_ns","WARN",TRUE,28.876,NA,NA,NA,NA,NA,NA,0.571428571428571,0.312142857142857,0.592857142857143,"rhsns_wave_metrics",NA
"static_shrink","static_shrink","normal","0p25",1000,"rhs_ns","al","mcmc","static_shrink::normal::0p25::1000::rhs_ns::al::mcmc","static_shrink::normal::0p25::1000::rhs_ns","PASS",TRUE,10.04,0.172763339548643,NA,NA,NA,NA,NA,0.912,0.0552489393361535,0.0928571428571429,"rhsns_wave_metrics",NA
"static_shrink","static_shrink","normal","0p25",1000,"rhs_ns","exal","mcmc","static_shrink::normal::0p25::1000::rhs_ns::exal::mcmc","static_shrink::normal::0p25::1000::rhs_ns","WARN",TRUE,133.111,0.103419167250588,NA,NA,NA,NA,NA,0.909090909090909,0.0434824804295534,0.05,"rhsns_wave_metrics",NA
"static_shrink","static_shrink","normal","0p25",1000,"rhs_ns","al","vb","static_shrink::normal::0p25::1000::rhs_ns::al::vb","static_shrink::normal::0p25::1000::rhs_ns","PASS",TRUE,0.984,0.17568440929421,NA,NA,NA,NA,NA,0.926571428571429,0.0449523217228891,0.307142857142857,"rhsns_wave_metrics",NA
"static_shrink","static_shrink","normal","0p25",1000,"rhs_ns","exal","vb","static_shrink::normal::0p25::1000::rhs_ns::exal::vb","static_shrink::normal::0p25::1000::rhs_ns","WARN",TRUE,35.285,NA,NA,NA,NA,NA,NA,0.571428571428571,0.312142857142857,0.592857142857143,"rhsns_wave_metrics",NA
"static_shrink","static_shrink","normal","0p95",100,"rhs_ns","al","mcmc","static_shrink::normal::0p95::100::rhs_ns::al::mcmc","static_shrink::normal::0p95::100::rhs_ns","PASS",TRUE,6.836,0.63430942373119,NA,NA,NA,NA,NA,0.719428571428571,0.203901958356108,0.0214285714285714,"rhsns_wave_metrics",NA
"static_shrink","static_shrink","normal","0p95",100,"rhs_ns","exal","mcmc","static_shrink::normal::0p95::100::rhs_ns::exal::mcmc","static_shrink::normal::0p95::100::rhs_ns","WARN",TRUE,68.52,0.388585030528027,NA,NA,NA,NA,NA,0.803714285714286,0.156105037368333,0.05,"rhsns_wave_metrics",NA
"static_shrink","static_shrink","normal","0p95",100,"rhs_ns","al","vb","static_shrink::normal::0p95::100::rhs_ns::al::vb","static_shrink::normal::0p95::100::rhs_ns","PASS",TRUE,1.07,0.667687321863581,NA,NA,NA,NA,NA,0.782357142857143,0.148246141154108,0.378571428571429,"rhsns_wave_metrics",NA
"static_shrink","static_shrink","normal","0p95",100,"rhs_ns","exal","vb","static_shrink::normal::0p95::100::rhs_ns::exal::vb","static_shrink::normal::0p95::100::rhs_ns","PASS",TRUE,10.411,0.465703942626559,NA,NA,NA,NA,NA,0.875857142857143,0.134666112760094,0.307142857142857,"rhsns_wave_metrics",NA
"static_shrink","static_shrink","normal","0p95",1000,"rhs_ns","al","mcmc","static_shrink::normal::0p95::1000::rhs_ns::al::mcmc","static_shrink::normal::0p95::1000::rhs_ns","PASS",TRUE,8.982,0.184940024967043,NA,NA,NA,NA,NA,0.911857142857143,0.063142029812723,0.164285714285714,"rhsns_wave_metrics",NA
"static_shrink","static_shrink","normal","0p95",1000,"rhs_ns","exal","mcmc","static_shrink::normal::0p95::1000::rhs_ns::exal::mcmc","static_shrink::normal::0p95::1000::rhs_ns","WARN",TRUE,76.62,0.22106285437248,NA,NA,NA,NA,NA,0.885857142857143,0.0425933124243468,0.05,"rhsns_wave_metrics",NA
"static_shrink","static_shrink","normal","0p95",1000,"rhs_ns","al","vb","static_shrink::normal::0p95::1000::rhs_ns::al::vb","static_shrink::normal::0p95::1000::rhs_ns","PASS",TRUE,1.06,0.176780181920657,NA,NA,NA,NA,NA,0.918714285714286,0.0473223013546765,0.45,"rhsns_wave_metrics",NA
"static_shrink","static_shrink","normal","0p95",1000,"rhs_ns","exal","vb","static_shrink::normal::0p95::1000::rhs_ns::exal::vb","static_shrink::normal::0p95::1000::rhs_ns","PASS",TRUE,14.851,0.284551306849419,NA,NA,NA,NA,NA,0.867214285714286,0.0415005451789289,0.45,"rhsns_wave_metrics",NA
"static_shrink","static_shrink","gausmix","0p05",100,"ridge","al","mcmc","static_shrink::gausmix::0p05::100::ridge::al::mcmc","static_shrink::gausmix::0p05::100::ridge","PASS",TRUE,82.003,1.20565883110206,0.68,2.66525340654939,0.980475194515445,0.555151190002749,0.85545168844222,NA,NA,NA,"validation_tables",NA
"static_shrink","static_shrink","gausmix","0p05",100,"ridge","exal","mcmc","static_shrink::gausmix::0p05::100::ridge::exal::mcmc","static_shrink::gausmix::0p05::100::ridge","PASS",TRUE,54.619,1.04800411395602,0.81,2.73031618837247,0.867097468772916,0.592000937990354,0.887438623588155,NA,NA,NA,"validation_tables",NA
"static_shrink","static_shrink","gausmix","0p05",100,"ridge","al","vb","static_shrink::gausmix::0p05::100::ridge::al::vb","static_shrink::gausmix::0p05::100::ridge","PASS",TRUE,0.171,1.31770980782968,0.32,1.13119065936927,1.07898226051968,0.637088923415552,0.843825545419181,NA,NA,NA,"validation_tables",NA
"static_shrink","static_shrink","gausmix","0p05",100,"ridge","exal","vb","static_shrink::gausmix::0p05::100::ridge::exal::vb","static_shrink::gausmix::0p05::100::ridge","PASS",TRUE,11.957,1.30940637954416,0.44,1.5395354109424,1.03260156743557,0.877390487684296,0.870083410145969,NA,NA,NA,"validation_tables",NA
"static_shrink","static_shrink","gausmix","0p05",1000,"ridge","al","mcmc","static_shrink::gausmix::0p05::1000::ridge::al::mcmc","static_shrink::gausmix::0p05::1000::ridge","PASS",TRUE,9.258,0.779243077469802,0.388,0.788418918424843,0.616550756385093,-0.131551378701107,0.938686611225488,NA,NA,NA,"validation_tables",NA
"static_shrink","static_shrink","gausmix","0p05",1000,"ridge","exal","mcmc","static_shrink::gausmix::0p05::1000::ridge::exal::mcmc","static_shrink::gausmix::0p05::1000::ridge","WARN",TRUE,790.54,0.561679611385721,0.474,0.860961216108413,0.469652883763067,0.411534768447039,0.978829548941973,NA,NA,NA,"validation_tables",NA
"static_shrink","static_shrink","gausmix","0p05",1000,"ridge","al","vb","static_shrink::gausmix::0p05::1000::ridge::al::vb","static_shrink::gausmix::0p05::1000::ridge","PASS",TRUE,2.478,0.756392050138816,0.184,0.372855253631148,0.599120757316541,-0.121629928216756,0.941277515952313,NA,NA,NA,"validation_tables",NA
"static_shrink","static_shrink","gausmix","0p05",1000,"ridge","exal","vb","static_shrink::gausmix::0p05::1000::ridge::exal::vb","static_shrink::gausmix::0p05::1000::ridge","PASS",TRUE,12.036,0.692917119609715,0.217,0.531933686197121,0.592344304721313,0.550151005233535,0.977657840156621,NA,NA,NA,"validation_tables",NA
"static_shrink","static_shrink","gausmix","0p25",100,"ridge","al","mcmc","static_shrink::gausmix::0p25::100::ridge::al::mcmc","static_shrink::gausmix::0p25::100::ridge","PASS",TRUE,19.916,0.931992892116399,0.78,2.69882108106033,0.726958951435866,0.0684796477637638,0.870056862543504,NA,NA,NA,"validation_tables",NA
"static_shrink","static_shrink","gausmix","0p25",100,"ridge","exal","mcmc","static_shrink::gausmix::0p25::100::ridge::exal::mcmc","static_shrink::gausmix::0p25::100::ridge","WARN",TRUE,73.53,0.93870322513157,0.87,2.89415553611664,0.774016751392349,0.243491129569808,0.874978196454615,NA,NA,NA,"validation_tables",NA
"static_shrink","static_shrink","gausmix","0p25",100,"ridge","al","vb","static_shrink::gausmix::0p25::100::ridge::al::vb","static_shrink::gausmix::0p25::100::ridge","PASS",TRUE,0.0529999999999999,0.970356135408259,0.66,1.91726662015497,0.749532330495549,0.103215782267757,0.860834764756245,NA,NA,NA,"validation_tables",NA
"static_shrink","static_shrink","gausmix","0p25",100,"ridge","exal","vb","static_shrink::gausmix::0p25::100::ridge::exal::vb","static_shrink::gausmix::0p25::100::ridge","WARN",TRUE,13.777,NA,NA,NA,NA,NA,NA,NA,NA,NA,"validation_tables",NA
"static_shrink","static_shrink","gausmix","0p25",1000,"ridge","al","mcmc","static_shrink::gausmix::0p25::1000::ridge::al::mcmc","static_shrink::gausmix::0p25::1000::ridge","PASS",TRUE,706.565,0.332826815849055,0.765,0.781633528446821,0.263757982467682,-0.0104784727441017,0.982281623757807,NA,NA,NA,"validation_tables",NA
"static_shrink","static_shrink","gausmix","0p25",1000,"ridge","exal","mcmc","static_shrink::gausmix::0p25::1000::ridge::exal::mcmc","static_shrink::gausmix::0p25::1000::ridge","WARN",TRUE,136.497,0.348711798855511,0.782,0.844586894641634,0.281284537381253,0.106850121758515,0.978648555547192,NA,NA,NA,"validation_tables",NA
"static_shrink","static_shrink","gausmix","0p25",1000,"ridge","al","vb","static_shrink::gausmix::0p25::1000::ridge::al::vb","static_shrink::gausmix::0p25::1000::ridge","PASS",TRUE,4.877,0.325973004208534,0.556,0.493698672721529,0.259127020744244,0.000254137157327138,0.982966130750509,NA,NA,NA,"validation_tables",NA
"static_shrink","static_shrink","gausmix","0p25",1000,"ridge","exal","vb","static_shrink::gausmix::0p25::1000::ridge::exal::vb","static_shrink::gausmix::0p25::1000::ridge","WARN",TRUE,17.614,NA,NA,NA,NA,NA,NA,NA,NA,NA,"validation_tables",NA
"static_shrink","static_shrink","gausmix","0p95",100,"ridge","al","mcmc","static_shrink::gausmix::0p95::100::ridge::al::mcmc","static_shrink::gausmix::0p95::100::ridge","PASS",TRUE,1.106,0.912754779553419,0.81,2.54977912011169,0.701941434146274,-0.15262880850779,0.897492290093093,NA,NA,NA,"validation_tables",NA
"static_shrink","static_shrink","gausmix","0p95",100,"ridge","exal","mcmc","static_shrink::gausmix::0p95::100::ridge::exal::mcmc","static_shrink::gausmix::0p95::100::ridge","PASS",TRUE,56.011,0.946917512079535,0.81,2.67566187438574,0.767196988637413,-0.203376552869542,0.877575953412943,NA,NA,NA,"validation_tables",NA
"static_shrink","static_shrink","gausmix","0p95",100,"ridge","al","vb","static_shrink::gausmix::0p95::100::ridge::al::vb","static_shrink::gausmix::0p95::100::ridge","PASS",TRUE,0.115,0.983322528631245,0.41,1.08278671126485,0.769456075289797,-0.260201266509105,0.90351722186329,NA,NA,NA,"validation_tables",NA
"static_shrink","static_shrink","gausmix","0p95",100,"ridge","exal","vb","static_shrink::gausmix::0p95::100::ridge::exal::vb","static_shrink::gausmix::0p95::100::ridge","PASS",TRUE,17.224,0.986569801157206,0.52,1.57158132334225,0.796305204131438,-0.425051516958077,0.887323108399609,NA,NA,NA,"validation_tables",NA
"static_shrink","static_shrink","gausmix","0p95",1000,"ridge","al","mcmc","static_shrink::gausmix::0p95::1000::ridge::al::mcmc","static_shrink::gausmix::0p95::1000::ridge","PASS",TRUE,4.082,0.515384661462663,0.585,0.866935345438387,0.410619943660334,-0.197831380767247,0.962603145913892,NA,NA,NA,"validation_tables",NA
"static_shrink","static_shrink","gausmix","0p95",1000,"ridge","exal","mcmc","static_shrink::gausmix::0p95::1000::ridge::exal::mcmc","static_shrink::gausmix::0p95::1000::ridge","WARN",TRUE,186.661,0.689449665614564,0.272,0.868187187649729,0.620166022175775,-0.612709099972412,0.981338421067467,NA,NA,NA,"validation_tables",NA
"static_shrink","static_shrink","gausmix","0p95",1000,"ridge","al","vb","static_shrink::gausmix::0p95::1000::ridge::al::vb","static_shrink::gausmix::0p95::1000::ridge","PASS",TRUE,0.256,0.538160810832257,0.266,0.382913211300826,0.430813124604816,-0.219886951322829,0.961144749041376,NA,NA,NA,"validation_tables",NA
"static_shrink","static_shrink","gausmix","0p95",1000,"ridge","exal","vb","static_shrink::gausmix::0p95::1000::ridge::exal::vb","static_shrink::gausmix::0p95::1000::ridge","PASS",TRUE,12.37,0.836886271466028,0.072,0.519845317211556,0.765022570391872,-0.761700474759905,0.977684613475221,NA,NA,NA,"validation_tables",NA
"static_shrink","static_shrink","laplace","0p05",100,"ridge","al","mcmc","static_shrink::laplace::0p05::100::ridge::al::mcmc","static_shrink::laplace::0p05::100::ridge","PASS",TRUE,1.132,0.991852862118018,0.58,1.61451458069498,0.784257768147985,-0.0158266522445082,0.853817752887781,NA,NA,NA,"validation_tables",NA
"static_shrink","static_shrink","laplace","0p05",100,"ridge","exal","mcmc","static_shrink::laplace::0p05::100::ridge::exal::mcmc","static_shrink::laplace::0p05::100::ridge","PASS",TRUE,52.228,0.551024710755273,0.93,1.92734981583008,0.444908524591549,0.11216050791933,0.95614749889561,NA,NA,NA,"validation_tables",NA
"static_shrink","static_shrink","laplace","0p05",100,"ridge","al","vb","static_shrink::laplace::0p05::100::ridge::al::vb","static_shrink::laplace::0p05::100::ridge","PASS",TRUE,0.0449999999999999,0.977380353622489,0.25,0.720297252984601,0.778904534222607,0.0779323092133052,0.855588231004302,NA,NA,NA,"validation_tables",NA
"static_shrink","static_shrink","laplace","0p05",100,"ridge","exal","vb","static_shrink::laplace::0p05::100::ridge::exal::vb","static_shrink::laplace::0p05::100::ridge","PASS",TRUE,11.397,0.896445164828423,0.39,1.07275392793568,0.725144313881947,0.121098790948679,0.881490451760526,NA,NA,NA,"validation_tables",NA
"static_shrink","static_shrink","laplace","0p05",1000,"ridge","al","mcmc","static_shrink::laplace::0p05::1000::ridge::al::mcmc","static_shrink::laplace::0p05::1000::ridge","PASS",TRUE,9.275,0.38168581491391,0.625,0.682022355310069,0.303043033223473,0.0109183317521693,0.971336977572948,NA,NA,NA,"validation_tables",NA
"static_shrink","static_shrink","laplace","0p05",1000,"ridge","exal","mcmc","static_shrink::laplace::0p05::1000::ridge::exal::mcmc","static_shrink::laplace::0p05::1000::ridge","PASS",TRUE,140.797,0.430425108045642,0.26,0.567377104277296,0.397599068621404,0.39675841381514,0.994556446086306,NA,NA,NA,"validation_tables",NA
"static_shrink","static_shrink","laplace","0p05",1000,"ridge","al","vb","static_shrink::laplace::0p05::1000::ridge::al::vb","static_shrink::laplace::0p05::1000::ridge","PASS",TRUE,0.274,0.395272549256489,0.289,0.292872504929332,0.312028364293907,0.0203420022171983,0.969252725326481,NA,NA,NA,"validation_tables",NA
"static_shrink","static_shrink","laplace","0p05",1000,"ridge","exal","vb","static_shrink::laplace::0p05::1000::ridge::exal::vb","static_shrink::laplace::0p05::1000::ridge","PASS",TRUE,10.888,0.562229391736632,0.046,0.352016170866227,0.52642249615476,0.526389488698381,0.992365665424537,NA,NA,NA,"validation_tables",NA
"static_shrink","static_shrink","laplace","0p25",100,"ridge","al","mcmc","static_shrink::laplace::0p25::100::ridge::al::mcmc","static_shrink::laplace::0p25::100::ridge","PASS",TRUE,1.155,0.605365446230098,0.85,1.84944560240464,0.468093465660853,-0.363106645441379,0.96784016650729,NA,NA,NA,"validation_tables",NA
"static_shrink","static_shrink","laplace","0p25",100,"ridge","exal","mcmc","static_shrink::laplace::0p25::100::ridge::exal::mcmc","static_shrink::laplace::0p25::100::ridge","PASS",TRUE,52.19,0.379210305706525,0.99,1.76834470869212,0.29895906397783,-0.211128235907739,0.988368319067385,NA,NA,NA,"validation_tables",NA
"static_shrink","static_shrink","laplace","0p25",100,"ridge","al","vb","static_shrink::laplace::0p25::100::ridge::al::vb","static_shrink::laplace::0p25::100::ridge","PASS",TRUE,0.0169999999999999,0.625471815120959,0.72,1.3198265385147,0.489233105078578,-0.332667792825321,0.963062224219542,NA,NA,NA,"validation_tables",NA
"static_shrink","static_shrink","laplace","0p25",100,"ridge","exal","vb","static_shrink::laplace::0p25::100::ridge::exal::vb","static_shrink::laplace::0p25::100::ridge","WARN",TRUE,13.751,NA,NA,NA,NA,NA,NA,NA,NA,NA,"validation_tables",NA
"static_shrink","static_shrink","laplace","0p25",1000,"ridge","al","mcmc","static_shrink::laplace::0p25::1000::ridge::al::mcmc","static_shrink::laplace::0p25::1000::ridge","PASS",TRUE,3.688,0.140423389212526,0.943,0.527574999084591,0.112165938798356,0.00468967631207783,0.99628497136963,NA,NA,NA,"validation_tables",NA
"static_shrink","static_shrink","laplace","0p25",1000,"ridge","exal","mcmc","static_shrink::laplace::0p25::1000::ridge::exal::mcmc","static_shrink::laplace::0p25::1000::ridge","PASS",TRUE,55.318,0.115551807500978,0.968,0.472207665852409,0.0907838992798121,-0.00729509044191029,0.997752148869612,NA,NA,NA,"validation_tables",NA
"static_shrink","static_shrink","laplace","0p25",1000,"ridge","al","vb","static_shrink::laplace::0p25::1000::ridge::al::vb","static_shrink::laplace::0p25::1000::ridge","PASS",TRUE,0.085,0.144729432227311,0.709,0.309006516746847,0.116067856449735,0.0111903202184727,0.996039418422676,NA,NA,NA,"validation_tables",NA
"static_shrink","static_shrink","laplace","0p25",1000,"ridge","exal","vb","static_shrink::laplace::0p25::1000::ridge::exal::vb","static_shrink::laplace::0p25::1000::ridge","WARN",TRUE,16.185,NA,NA,NA,NA,NA,NA,NA,NA,NA,"validation_tables",NA
"static_shrink","static_shrink","laplace","0p95",100,"ridge","al","mcmc","static_shrink::laplace::0p95::100::ridge::al::mcmc","static_shrink::laplace::0p95::100::ridge","PASS",TRUE,6.638,1.37739666429731,0.53,1.76483794036251,1.05240647200705,0.0902463651310989,0.777884993967458,NA,NA,NA,"validation_tables",NA
"static_shrink","static_shrink","laplace","0p95",100,"ridge","exal","mcmc","static_shrink::laplace::0p95::100::ridge::exal::mcmc","static_shrink::laplace::0p95::100::ridge","PASS",TRUE,53.852,0.696661118154703,0.88,2.13067345443706,0.561745926649239,-0.154176126155603,0.938655450937425,NA,NA,NA,"validation_tables",NA
"static_shrink","static_shrink","laplace","0p95",100,"ridge","al","vb","static_shrink::laplace::0p95::100::ridge::al::vb","static_shrink::laplace::0p95::100::ridge","PASS",TRUE,0.117,1.45456798231618,0.27,0.837776942766505,1.12444362296415,0.0204055779777822,0.761011748804824,NA,NA,NA,"validation_tables",NA
"static_shrink","static_shrink","laplace","0p95",100,"ridge","exal","vb","static_shrink::laplace::0p95::100::ridge::exal::vb","static_shrink::laplace::0p95::100::ridge","PASS",TRUE,6.343,1.15771127434427,0.38,1.15793603049488,0.919787679371285,-0.184668430237258,0.835049897955148,NA,NA,NA,"validation_tables",NA
"static_shrink","static_shrink","laplace","0p95",1000,"ridge","al","mcmc","static_shrink::laplace::0p95::1000::ridge::al::mcmc","static_shrink::laplace::0p95::1000::ridge","PASS",TRUE,10.493,0.333127061641484,0.589,0.577913151262707,0.268959370694565,-0.176440114644705,0.986811932627119,NA,NA,NA,"validation_tables",NA
"static_shrink","static_shrink","laplace","0p95",1000,"ridge","exal","mcmc","static_shrink::laplace::0p95::1000::ridge::exal::mcmc","static_shrink::laplace::0p95::1000::ridge","PASS",TRUE,61.591,0.538503801045552,0.064,0.519645919626941,0.516673700423279,-0.516673700423279,0.996374464046548,NA,NA,NA,"validation_tables",NA
"static_shrink","static_shrink","laplace","0p95",1000,"ridge","al","vb","static_shrink::laplace::0p95::1000::ridge::al::vb","static_shrink::laplace::0p95::1000::ridge","PASS",TRUE,0.26,0.326606231691798,0.287,0.260878363740088,0.263236577214179,-0.160244070823663,0.985790891556927,NA,NA,NA,"validation_tables",NA
"static_shrink","static_shrink","laplace","0p95",1000,"ridge","exal","vb","static_shrink::laplace::0p95::1000::ridge::exal::vb","static_shrink::laplace::0p95::1000::ridge","PASS",TRUE,11.213,0.663386775087131,0.008,0.323705099038548,0.637911299913495,-0.637911299913495,0.995227690790705,NA,NA,NA,"validation_tables",NA
"static_shrink","static_shrink","normal","0p05",100,"ridge","al","mcmc","static_shrink::normal::0p05::100::ridge::al::mcmc","static_shrink::normal::0p05::100::ridge","PASS",TRUE,7.187,0.698012840455857,0.71,1.45993835888925,0.554564938385389,-0.0289377786505916,0.969561417329086,NA,NA,NA,"validation_tables",NA
"static_shrink","static_shrink","normal","0p05",100,"ridge","exal","mcmc","static_shrink::normal::0p05::100::ridge::exal::mcmc","static_shrink::normal::0p05::100::ridge","WARN",TRUE,28.692,0.521623222045446,0.78,1.37536099769124,0.42640158675632,0.0561709864464885,0.975431554993429,NA,NA,NA,"validation_tables",NA
"static_shrink","static_shrink","normal","0p05",100,"ridge","al","vb","static_shrink::normal::0p05::100::ridge::al::vb","static_shrink::normal::0p05::100::ridge","PASS",TRUE,0.125,0.789463780884338,0.26,0.578302140271327,0.641436523941107,0.0269005589578173,0.964013192638327,NA,NA,NA,"validation_tables",NA
"static_shrink","static_shrink","normal","0p05",100,"ridge","exal","vb","static_shrink::normal::0p05::100::ridge::exal::vb","static_shrink::normal::0p05::100::ridge","PASS",TRUE,11.315,0.673416217549967,0.37,0.793380745681618,0.561047947088419,0.204030168731088,0.968575875475986,NA,NA,NA,"validation_tables",NA
"static_shrink","static_shrink","normal","0p05",1000,"ridge","al","mcmc","static_shrink::normal::0p05::1000::ridge::al::mcmc","static_shrink::normal::0p05::1000::ridge","PASS",TRUE,4.047,0.227756540119083,0.483,0.323763914322691,0.183995206263027,0.0114474819924145,0.990881524914435,NA,NA,NA,"validation_tables",NA
"static_shrink","static_shrink","normal","0p05",1000,"ridge","exal","mcmc","static_shrink::normal::0p05::1000::ridge::exal::mcmc","static_shrink::normal::0p05::1000::ridge","WARN",TRUE,63.046,0.203802911450112,0.614,0.392327399929979,0.1697994115452,0.142984300048732,0.996092429480209,NA,NA,NA,"validation_tables",NA
"static_shrink","static_shrink","normal","0p05",1000,"ridge","al","vb","static_shrink::normal::0p05::1000::ridge::al::vb","static_shrink::normal::0p05::1000::ridge","PASS",TRUE,0.272,0.233058264638726,0.269,0.162496885253976,0.187892511165241,0.0280956245428387,0.990480965470653,NA,NA,NA,"validation_tables",NA
"static_shrink","static_shrink","normal","0p05",1000,"ridge","exal","vb","static_shrink::normal::0p05::1000::ridge::exal::vb","static_shrink::normal::0p05::1000::ridge","PASS",TRUE,16.64,0.266865708624042,0.277,0.236370425680071,0.223670160589422,0.194142295669923,0.994001401994902,NA,NA,NA,"validation_tables",NA
"static_shrink","static_shrink","normal","0p25",100,"ridge","al","mcmc","static_shrink::normal::0p25::100::ridge::al::mcmc","static_shrink::normal::0p25::100::ridge","PASS",TRUE,1.052,0.589210475916598,0.7,1.19133824467206,0.459175732211156,-0.0958351032409939,0.96846222072392,NA,NA,NA,"validation_tables",NA
"static_shrink","static_shrink","normal","0p25",100,"ridge","exal","mcmc","static_shrink::normal::0p25::100::ridge::exal::mcmc","static_shrink::normal::0p25::100::ridge","WARN",TRUE,73.105,0.450994672739442,0.89,1.41716208319024,0.364271199957631,-0.0358084523595165,0.974993528308729,NA,NA,NA,"validation_tables",NA
"static_shrink","static_shrink","normal","0p25",100,"ridge","al","vb","static_shrink::normal::0p25::100::ridge::al::vb","static_shrink::normal::0p25::100::ridge","PASS",TRUE,0.0870000000000002,0.623780885216213,0.51,0.877904665905859,0.488542705132173,-0.0813661581141811,0.964472962332349,NA,NA,NA,"validation_tables",NA
"static_shrink","static_shrink","normal","0p25",100,"ridge","exal","vb","static_shrink::normal::0p25::100::ridge::exal::vb","static_shrink::normal::0p25::100::ridge","WARN",TRUE,13.105,NA,NA,NA,NA,NA,NA,NA,NA,NA,"validation_tables",NA
"static_shrink","static_shrink","normal","0p25",1000,"ridge","al","mcmc","static_shrink::normal::0p25::1000::ridge::al::mcmc","static_shrink::normal::0p25::1000::ridge","PASS",TRUE,3.767,0.18339301312476,0.716,0.406164144730177,0.1451613170903,-0.0622301328098425,0.994599757410883,NA,NA,NA,"validation_tables",NA
"static_shrink","static_shrink","normal","0p25",1000,"ridge","exal","mcmc","static_shrink::normal::0p25::1000::ridge::exal::mcmc","static_shrink::normal::0p25::1000::ridge","WARN",TRUE,58.993,0.127438702647447,0.903,0.415765046164309,0.101379093733994,0.0267068682367211,0.997028991388084,NA,NA,NA,"validation_tables",NA
"static_shrink","static_shrink","normal","0p25",1000,"ridge","al","vb","static_shrink::normal::0p25::1000::ridge::al::vb","static_shrink::normal::0p25::1000::ridge","PASS",TRUE,0.15,0.184311809432008,0.487,0.245774415890244,0.146015688880121,-0.0581393239996547,0.994469844913266,NA,NA,NA,"validation_tables",NA
"static_shrink","static_shrink","normal","0p25",1000,"ridge","exal","vb","static_shrink::normal::0p25::1000::ridge::exal::vb","static_shrink::normal::0p25::1000::ridge","WARN",TRUE,15.933,NA,NA,NA,NA,NA,NA,NA,NA,NA,"validation_tables",NA
"static_shrink","static_shrink","normal","0p95",100,"ridge","al","mcmc","static_shrink::normal::0p95::100::ridge::al::mcmc","static_shrink::normal::0p95::100::ridge","PASS",TRUE,7.747,0.688758273724768,0.87,2.0936983477594,0.552330755493198,0.326527369905982,0.942479139142448,NA,NA,NA,"validation_tables",NA
"static_shrink","static_shrink","normal","0p95",100,"ridge","exal","mcmc","static_shrink::normal::0p95::100::ridge::exal::mcmc","static_shrink::normal::0p95::100::ridge","PASS",TRUE,94.545,0.393245862106415,0.97,1.59715398134498,0.317677795847881,-0.0057856484344575,0.976279918430183,NA,NA,NA,"validation_tables",NA
"static_shrink","static_shrink","normal","0p95",100,"ridge","al","vb","static_shrink::normal::0p95::100::ridge::al::vb","static_shrink::normal::0p95::100::ridge","PASS",TRUE,0.131,0.89586719708772,0.4,0.780569615973304,0.691414687137868,0.310967924685063,0.900572333801696,NA,NA,NA,"validation_tables",NA
"static_shrink","static_shrink","normal","0p95",100,"ridge","exal","vb","static_shrink::normal::0p95::100::ridge::exal::vb","static_shrink::normal::0p95::100::ridge","PASS",TRUE,8.841,0.461982181458218,0.72,1.04950098456499,0.375058659495352,-0.0947336736807506,0.967509580174571,NA,NA,NA,"validation_tables",NA
"static_shrink","static_shrink","normal","0p95",1000,"ridge","al","mcmc","static_shrink::normal::0p95::1000::ridge::al::mcmc","static_shrink::normal::0p95::1000::ridge","PASS",TRUE,10.148,0.193946617036336,0.712,0.419842412693811,0.155984358433656,0.019605706876488,0.992715674989638,NA,NA,NA,"validation_tables",NA
"static_shrink","static_shrink","normal","0p95",1000,"ridge","exal","mcmc","static_shrink::normal::0p95::1000::ridge::exal::mcmc","static_shrink::normal::0p95::1000::ridge","WARN",TRUE,62.346,0.206404982656469,0.595,0.412497733859411,0.178250966414697,-0.172181987557842,0.997506797704931,NA,NA,NA,"validation_tables",NA
"static_shrink","static_shrink","normal","0p95",1000,"ridge","al","vb","static_shrink::normal::0p95::1000::ridge::al::vb","static_shrink::normal::0p95::1000::ridge","PASS",TRUE,0.278,0.185970662842196,0.377,0.191663723603183,0.14885859966488,0.0182144428016415,0.993311377269521,NA,NA,NA,"validation_tables",NA
"static_shrink","static_shrink","normal","0p95",1000,"ridge","exal","vb","static_shrink::normal::0p95::1000::ridge::exal::vb","static_shrink::normal::0p95::1000::ridge","PASS",TRUE,13.071,0.289031323876886,0.197,0.252597515642689,0.253981463453952,-0.247291166681985,0.995950861991763,NA,NA,NA,"validation_tables",NA
