"row_id","base_row_id","original_case_key","pair_id","seed","status","phase","phase_order","missing_inputs","block","root_kind","family","tau","tau_label","fit_size","prior_semantics","model","inference","source_dataset_id","method_profile_id","config_path","run_root","candidate_fit_path","vb_init_fit_path","row_status_path","health_path","metrics_path","draws_path","plot_summary_path","parameter_summary_path","predictive_quantile_grid_path","retention_mode","retain_candidate_fit_binaries","retain_draw_binaries","retain_vb_init_binaries","stored_posterior_draws"
17,17,"dynamic::gausmix::0p50::500::default::dqlm::vb","dynamic::gausmix::0p50::500::default::dqlm",192353,"not_started","smoke_dynamic_vb",2,FALSE,"dynamic","dynamic","gausmix",0.5,"0p50",500,"default","dqlm","vb","dynamic::gausmix::0p50::500","dynamic__dqlm__vb","tools/merge_reports/full288_refreshed288_20260430_p90_dynamic72_qdesn_comparable_v4_laplace_repair/configs/row_0017_run_config.rds","tools/merge_reports/full288_refreshed288_20260430_p90_dynamic72_qdesn_comparable_v4_laplace_repair","tools/merge_reports/full288_refreshed288_20260430_p90_dynamic72_qdesn_comparable_v4_laplace_repair/fits/vb/row_0017_dynamic_gausmix_0p50_500_default_dqlm_vb_fit.rds",NA,"tools/merge_reports/full288_refreshed288_20260430_p90_dynamic72_qdesn_comparable_v4_laplace_repair/rows/row_0017_status.csv","tools/merge_reports/full288_refreshed288_20260430_p90_dynamic72_qdesn_comparable_v4_laplace_repair/health/row_0017_health.csv","tools/merge_reports/full288_refreshed288_20260430_p90_dynamic72_qdesn_comparable_v4_laplace_repair/metrics/row_0017_metrics.csv","tools/merge_reports/full288_refreshed288_20260430_p90_dynamic72_qdesn_comparable_v4_laplace_repair/draws/row_0017_draws.rds","tools/merge_reports/full288_refreshed288_20260430_p90_dynamic72_qdesn_comparable_v4_laplace_repair/plot_summaries/row_0017_plot_summary.csv","tools/merge_reports/full288_refreshed288_20260430_p90_dynamic72_qdesn_comparable_v4_laplace_repair/parameter_summaries/row_0017_parameter_summary.csv","tools/merge_reports/full288_refreshed288_20260430_p90_dynamic72_qdesn_comparable_v4_laplace_repair/predictive_quantile_grid/row_0017_predictive_quantile_grid.csv","comparison_plus_plot",FALSE,FALSE,FALSE,20000
18,18,"dynamic::gausmix::0p50::500::default::dqlm::mcmc","dynamic::gausmix::0p50::500::default::dqlm",201869,"not_started","smoke_dynamic_mcmc",4,FALSE,"dynamic","dynamic","gausmix",0.5,"0p50",500,"default","dqlm","mcmc","dynamic::gausmix::0p50::500","dynamic__dqlm__mcmc","tools/merge_reports/full288_refreshed288_20260430_p90_dynamic72_qdesn_comparable_v4_laplace_repair/configs/row_0018_run_config.rds","tools/merge_reports/full288_refreshed288_20260430_p90_dynamic72_qdesn_comparable_v4_laplace_repair","tools/merge_reports/full288_refreshed288_20260430_p90_dynamic72_qdesn_comparable_v4_laplace_repair/fits/mcmc/row_0018_dynamic_gausmix_0p50_500_default_dqlm_mcmc_fit.rds","tools/merge_reports/full288_refreshed288_20260430_p90_dynamic72_qdesn_comparable_v4_laplace_repair/vb_init/dynamic/row_0018_dynamic_gausmix_0p50_500_default_dqlm_mcmc_vb_init.rds","tools/merge_reports/full288_refreshed288_20260430_p90_dynamic72_qdesn_comparable_v4_laplace_repair/rows/row_0018_status.csv","tools/merge_reports/full288_refreshed288_20260430_p90_dynamic72_qdesn_comparable_v4_laplace_repair/health/row_0018_health.csv","tools/merge_reports/full288_refreshed288_20260430_p90_dynamic72_qdesn_comparable_v4_laplace_repair/metrics/row_0018_metrics.csv","tools/merge_reports/full288_refreshed288_20260430_p90_dynamic72_qdesn_comparable_v4_laplace_repair/draws/row_0018_draws.rds","tools/merge_reports/full288_refreshed288_20260430_p90_dynamic72_qdesn_comparable_v4_laplace_repair/plot_summaries/row_0018_plot_summary.csv","tools/merge_reports/full288_refreshed288_20260430_p90_dynamic72_qdesn_comparable_v4_laplace_repair/parameter_summaries/row_0018_parameter_summary.csv","tools/merge_reports/full288_refreshed288_20260430_p90_dynamic72_qdesn_comparable_v4_laplace_repair/predictive_quantile_grid/row_0018_predictive_quantile_grid.csv","comparison_plus_plot",FALSE,FALSE,FALSE,20000
19,19,"dynamic::gausmix::0p50::500::default::exdqlm::vb","dynamic::gausmix::0p50::500::default::exdqlm",202616,"not_started","smoke_dynamic_vb",2,FALSE,"dynamic","dynamic","gausmix",0.5,"0p50",500,"default","exdqlm","vb","dynamic::gausmix::0p50::500","dynamic__exdqlm__vb","tools/merge_reports/full288_refreshed288_20260430_p90_dynamic72_qdesn_comparable_v4_laplace_repair/configs/row_0019_run_config.rds","tools/merge_reports/full288_refreshed288_20260430_p90_dynamic72_qdesn_comparable_v4_laplace_repair","tools/merge_reports/full288_refreshed288_20260430_p90_dynamic72_qdesn_comparable_v4_laplace_repair/fits/vb/row_0019_dynamic_gausmix_0p50_500_default_exdqlm_vb_fit.rds",NA,"tools/merge_reports/full288_refreshed288_20260430_p90_dynamic72_qdesn_comparable_v4_laplace_repair/rows/row_0019_status.csv","tools/merge_reports/full288_refreshed288_20260430_p90_dynamic72_qdesn_comparable_v4_laplace_repair/health/row_0019_health.csv","tools/merge_reports/full288_refreshed288_20260430_p90_dynamic72_qdesn_comparable_v4_laplace_repair/metrics/row_0019_metrics.csv","tools/merge_reports/full288_refreshed288_20260430_p90_dynamic72_qdesn_comparable_v4_laplace_repair/draws/row_0019_draws.rds","tools/merge_reports/full288_refreshed288_20260430_p90_dynamic72_qdesn_comparable_v4_laplace_repair/plot_summaries/row_0019_plot_summary.csv","tools/merge_reports/full288_refreshed288_20260430_p90_dynamic72_qdesn_comparable_v4_laplace_repair/parameter_summaries/row_0019_parameter_summary.csv","tools/merge_reports/full288_refreshed288_20260430_p90_dynamic72_qdesn_comparable_v4_laplace_repair/predictive_quantile_grid/row_0019_predictive_quantile_grid.csv","comparison_plus_plot",FALSE,FALSE,FALSE,20000
20,20,"dynamic::gausmix::0p50::500::default::exdqlm::mcmc","dynamic::gausmix::0p50::500::default::exdqlm",212532,"not_started","smoke_dynamic_mcmc",4,FALSE,"dynamic","dynamic","gausmix",0.5,"0p50",500,"default","exdqlm","mcmc","dynamic::gausmix::0p50::500","dynamic__exdqlm__mcmc","tools/merge_reports/full288_refreshed288_20260430_p90_dynamic72_qdesn_comparable_v4_laplace_repair/configs/row_0020_run_config.rds","tools/merge_reports/full288_refreshed288_20260430_p90_dynamic72_qdesn_comparable_v4_laplace_repair","tools/merge_reports/full288_refreshed288_20260430_p90_dynamic72_qdesn_comparable_v4_laplace_repair/fits/mcmc/row_0020_dynamic_gausmix_0p50_500_default_exdqlm_mcmc_fit.rds","tools/merge_reports/full288_refreshed288_20260430_p90_dynamic72_qdesn_comparable_v4_laplace_repair/vb_init/dynamic/row_0020_dynamic_gausmix_0p50_500_default_exdqlm_mcmc_vb_init.rds","tools/merge_reports/full288_refreshed288_20260430_p90_dynamic72_qdesn_comparable_v4_laplace_repair/rows/row_0020_status.csv","tools/merge_reports/full288_refreshed288_20260430_p90_dynamic72_qdesn_comparable_v4_laplace_repair/health/row_0020_health.csv","tools/merge_reports/full288_refreshed288_20260430_p90_dynamic72_qdesn_comparable_v4_laplace_repair/metrics/row_0020_metrics.csv","tools/merge_reports/full288_refreshed288_20260430_p90_dynamic72_qdesn_comparable_v4_laplace_repair/draws/row_0020_draws.rds","tools/merge_reports/full288_refreshed288_20260430_p90_dynamic72_qdesn_comparable_v4_laplace_repair/plot_summaries/row_0020_plot_summary.csv","tools/merge_reports/full288_refreshed288_20260430_p90_dynamic72_qdesn_comparable_v4_laplace_repair/parameter_summaries/row_0020_parameter_summary.csv","tools/merge_reports/full288_refreshed288_20260430_p90_dynamic72_qdesn_comparable_v4_laplace_repair/predictive_quantile_grid/row_0020_predictive_quantile_grid.csv","comparison_plus_plot",FALSE,FALSE,FALSE,20000
21,21,"dynamic::gausmix::0p50::5000::default::dqlm::vb","dynamic::gausmix::0p50::5000::default::dqlm",195432,"not_started","smoke_dynamic_vb",2,FALSE,"dynamic","dynamic","gausmix",0.5,"0p50",5000,"default","dqlm","vb","dynamic::gausmix::0p50::5000","dynamic__dqlm__vb","tools/merge_reports/full288_refreshed288_20260430_p90_dynamic72_qdesn_comparable_v4_laplace_repair/configs/row_0021_run_config.rds","tools/merge_reports/full288_refreshed288_20260430_p90_dynamic72_qdesn_comparable_v4_laplace_repair","tools/merge_reports/full288_refreshed288_20260430_p90_dynamic72_qdesn_comparable_v4_laplace_repair/fits/vb/row_0021_dynamic_gausmix_0p50_5000_default_dqlm_vb_fit.rds",NA,"tools/merge_reports/full288_refreshed288_20260430_p90_dynamic72_qdesn_comparable_v4_laplace_repair/rows/row_0021_status.csv","tools/merge_reports/full288_refreshed288_20260430_p90_dynamic72_qdesn_comparable_v4_laplace_repair/health/row_0021_health.csv","tools/merge_reports/full288_refreshed288_20260430_p90_dynamic72_qdesn_comparable_v4_laplace_repair/metrics/row_0021_metrics.csv","tools/merge_reports/full288_refreshed288_20260430_p90_dynamic72_qdesn_comparable_v4_laplace_repair/draws/row_0021_draws.rds","tools/merge_reports/full288_refreshed288_20260430_p90_dynamic72_qdesn_comparable_v4_laplace_repair/plot_summaries/row_0021_plot_summary.csv","tools/merge_reports/full288_refreshed288_20260430_p90_dynamic72_qdesn_comparable_v4_laplace_repair/parameter_summaries/row_0021_parameter_summary.csv","tools/merge_reports/full288_refreshed288_20260430_p90_dynamic72_qdesn_comparable_v4_laplace_repair/predictive_quantile_grid/row_0021_predictive_quantile_grid.csv","comparison_plus_plot",FALSE,FALSE,FALSE,20000
22,22,"dynamic::gausmix::0p50::5000::default::dqlm::mcmc","dynamic::gausmix::0p50::5000::default::dqlm",205148,"not_started","smoke_dynamic_mcmc",4,FALSE,"dynamic","dynamic","gausmix",0.5,"0p50",5000,"default","dqlm","mcmc","dynamic::gausmix::0p50::5000","dynamic__dqlm__mcmc","tools/merge_reports/full288_refreshed288_20260430_p90_dynamic72_qdesn_comparable_v4_laplace_repair/configs/row_0022_run_config.rds","tools/merge_reports/full288_refreshed288_20260430_p90_dynamic72_qdesn_comparable_v4_laplace_repair","tools/merge_reports/full288_refreshed288_20260430_p90_dynamic72_qdesn_comparable_v4_laplace_repair/fits/mcmc/row_0022_dynamic_gausmix_0p50_5000_default_dqlm_mcmc_fit.rds","tools/merge_reports/full288_refreshed288_20260430_p90_dynamic72_qdesn_comparable_v4_laplace_repair/vb_init/dynamic/row_0022_dynamic_gausmix_0p50_5000_default_dqlm_mcmc_vb_init.rds","tools/merge_reports/full288_refreshed288_20260430_p90_dynamic72_qdesn_comparable_v4_laplace_repair/rows/row_0022_status.csv","tools/merge_reports/full288_refreshed288_20260430_p90_dynamic72_qdesn_comparable_v4_laplace_repair/health/row_0022_health.csv","tools/merge_reports/full288_refreshed288_20260430_p90_dynamic72_qdesn_comparable_v4_laplace_repair/metrics/row_0022_metrics.csv","tools/merge_reports/full288_refreshed288_20260430_p90_dynamic72_qdesn_comparable_v4_laplace_repair/draws/row_0022_draws.rds","tools/merge_reports/full288_refreshed288_20260430_p90_dynamic72_qdesn_comparable_v4_laplace_repair/plot_summaries/row_0022_plot_summary.csv","tools/merge_reports/full288_refreshed288_20260430_p90_dynamic72_qdesn_comparable_v4_laplace_repair/parameter_summaries/row_0022_parameter_summary.csv","tools/merge_reports/full288_refreshed288_20260430_p90_dynamic72_qdesn_comparable_v4_laplace_repair/predictive_quantile_grid/row_0022_predictive_quantile_grid.csv","comparison_plus_plot",FALSE,FALSE,FALSE,20000
23,23,"dynamic::gausmix::0p50::5000::default::exdqlm::vb","dynamic::gausmix::0p50::5000::default::exdqlm",205916,"not_started","smoke_dynamic_vb",2,FALSE,"dynamic","dynamic","gausmix",0.5,"0p50",5000,"default","exdqlm","vb","dynamic::gausmix::0p50::5000","dynamic__exdqlm__vb","tools/merge_reports/full288_refreshed288_20260430_p90_dynamic72_qdesn_comparable_v4_laplace_repair/configs/row_0023_run_config.rds","tools/merge_reports/full288_refreshed288_20260430_p90_dynamic72_qdesn_comparable_v4_laplace_repair","tools/merge_reports/full288_refreshed288_20260430_p90_dynamic72_qdesn_comparable_v4_laplace_repair/fits/vb/row_0023_dynamic_gausmix_0p50_5000_default_exdqlm_vb_fit.rds",NA,"tools/merge_reports/full288_refreshed288_20260430_p90_dynamic72_qdesn_comparable_v4_laplace_repair/rows/row_0023_status.csv","tools/merge_reports/full288_refreshed288_20260430_p90_dynamic72_qdesn_comparable_v4_laplace_repair/health/row_0023_health.csv","tools/merge_reports/full288_refreshed288_20260430_p90_dynamic72_qdesn_comparable_v4_laplace_repair/metrics/row_0023_metrics.csv","tools/merge_reports/full288_refreshed288_20260430_p90_dynamic72_qdesn_comparable_v4_laplace_repair/draws/row_0023_draws.rds","tools/merge_reports/full288_refreshed288_20260430_p90_dynamic72_qdesn_comparable_v4_laplace_repair/plot_summaries/row_0023_plot_summary.csv","tools/merge_reports/full288_refreshed288_20260430_p90_dynamic72_qdesn_comparable_v4_laplace_repair/parameter_summaries/row_0023_parameter_summary.csv","tools/merge_reports/full288_refreshed288_20260430_p90_dynamic72_qdesn_comparable_v4_laplace_repair/predictive_quantile_grid/row_0023_predictive_quantile_grid.csv","comparison_plus_plot",FALSE,FALSE,FALSE,20000
24,24,"dynamic::gausmix::0p50::5000::default::exdqlm::mcmc","dynamic::gausmix::0p50::5000::default::exdqlm",216032,"not_started","smoke_dynamic_mcmc",4,FALSE,"dynamic","dynamic","gausmix",0.5,"0p50",5000,"default","exdqlm","mcmc","dynamic::gausmix::0p50::5000","dynamic__exdqlm__mcmc","tools/merge_reports/full288_refreshed288_20260430_p90_dynamic72_qdesn_comparable_v4_laplace_repair/configs/row_0024_run_config.rds","tools/merge_reports/full288_refreshed288_20260430_p90_dynamic72_qdesn_comparable_v4_laplace_repair","tools/merge_reports/full288_refreshed288_20260430_p90_dynamic72_qdesn_comparable_v4_laplace_repair/fits/mcmc/row_0024_dynamic_gausmix_0p50_5000_default_exdqlm_mcmc_fit.rds","tools/merge_reports/full288_refreshed288_20260430_p90_dynamic72_qdesn_comparable_v4_laplace_repair/vb_init/dynamic/row_0024_dynamic_gausmix_0p50_5000_default_exdqlm_mcmc_vb_init.rds","tools/merge_reports/full288_refreshed288_20260430_p90_dynamic72_qdesn_comparable_v4_laplace_repair/rows/row_0024_status.csv","tools/merge_reports/full288_refreshed288_20260430_p90_dynamic72_qdesn_comparable_v4_laplace_repair/health/row_0024_health.csv","tools/merge_reports/full288_refreshed288_20260430_p90_dynamic72_qdesn_comparable_v4_laplace_repair/metrics/row_0024_metrics.csv","tools/merge_reports/full288_refreshed288_20260430_p90_dynamic72_qdesn_comparable_v4_laplace_repair/draws/row_0024_draws.rds","tools/merge_reports/full288_refreshed288_20260430_p90_dynamic72_qdesn_comparable_v4_laplace_repair/plot_summaries/row_0024_plot_summary.csv","tools/merge_reports/full288_refreshed288_20260430_p90_dynamic72_qdesn_comparable_v4_laplace_repair/parameter_summaries/row_0024_parameter_summary.csv","tools/merge_reports/full288_refreshed288_20260430_p90_dynamic72_qdesn_comparable_v4_laplace_repair/predictive_quantile_grid/row_0024_predictive_quantile_grid.csv","comparison_plus_plot",FALSE,FALSE,FALSE,20000
41,41,"dynamic::laplace::0p50::500::default::dqlm::vb","dynamic::laplace::0p50::500::default::dqlm",191690,"not_started","smoke_dynamic_vb",2,FALSE,"dynamic","dynamic","laplace",0.5,"0p50",500,"default","dqlm","vb","dynamic::laplace::0p50::500","dynamic__dqlm__vb","tools/merge_reports/full288_refreshed288_20260430_p90_dynamic72_qdesn_comparable_v4_laplace_repair/configs/row_0041_run_config.rds","tools/merge_reports/full288_refreshed288_20260430_p90_dynamic72_qdesn_comparable_v4_laplace_repair","tools/merge_reports/full288_refreshed288_20260430_p90_dynamic72_qdesn_comparable_v4_laplace_repair/fits/vb/row_0041_dynamic_laplace_0p50_500_default_dqlm_vb_fit.rds",NA,"tools/merge_reports/full288_refreshed288_20260430_p90_dynamic72_qdesn_comparable_v4_laplace_repair/rows/row_0041_status.csv","tools/merge_reports/full288_refreshed288_20260430_p90_dynamic72_qdesn_comparable_v4_laplace_repair/health/row_0041_health.csv","tools/merge_reports/full288_refreshed288_20260430_p90_dynamic72_qdesn_comparable_v4_laplace_repair/metrics/row_0041_metrics.csv","tools/merge_reports/full288_refreshed288_20260430_p90_dynamic72_qdesn_comparable_v4_laplace_repair/draws/row_0041_draws.rds","tools/merge_reports/full288_refreshed288_20260430_p90_dynamic72_qdesn_comparable_v4_laplace_repair/plot_summaries/row_0041_plot_summary.csv","tools/merge_reports/full288_refreshed288_20260430_p90_dynamic72_qdesn_comparable_v4_laplace_repair/parameter_summaries/row_0041_parameter_summary.csv","tools/merge_reports/full288_refreshed288_20260430_p90_dynamic72_qdesn_comparable_v4_laplace_repair/predictive_quantile_grid/row_0041_predictive_quantile_grid.csv","comparison_plus_plot",FALSE,FALSE,FALSE,20000
42,42,"dynamic::laplace::0p50::500::default::dqlm::mcmc","dynamic::laplace::0p50::500::default::dqlm",201206,"not_started","smoke_dynamic_mcmc",4,FALSE,"dynamic","dynamic","laplace",0.5,"0p50",500,"default","dqlm","mcmc","dynamic::laplace::0p50::500","dynamic__dqlm__mcmc","tools/merge_reports/full288_refreshed288_20260430_p90_dynamic72_qdesn_comparable_v4_laplace_repair/configs/row_0042_run_config.rds","tools/merge_reports/full288_refreshed288_20260430_p90_dynamic72_qdesn_comparable_v4_laplace_repair","tools/merge_reports/full288_refreshed288_20260430_p90_dynamic72_qdesn_comparable_v4_laplace_repair/fits/mcmc/row_0042_dynamic_laplace_0p50_500_default_dqlm_mcmc_fit.rds","tools/merge_reports/full288_refreshed288_20260430_p90_dynamic72_qdesn_comparable_v4_laplace_repair/vb_init/dynamic/row_0042_dynamic_laplace_0p50_500_default_dqlm_mcmc_vb_init.rds","tools/merge_reports/full288_refreshed288_20260430_p90_dynamic72_qdesn_comparable_v4_laplace_repair/rows/row_0042_status.csv","tools/merge_reports/full288_refreshed288_20260430_p90_dynamic72_qdesn_comparable_v4_laplace_repair/health/row_0042_health.csv","tools/merge_reports/full288_refreshed288_20260430_p90_dynamic72_qdesn_comparable_v4_laplace_repair/metrics/row_0042_metrics.csv","tools/merge_reports/full288_refreshed288_20260430_p90_dynamic72_qdesn_comparable_v4_laplace_repair/draws/row_0042_draws.rds","tools/merge_reports/full288_refreshed288_20260430_p90_dynamic72_qdesn_comparable_v4_laplace_repair/plot_summaries/row_0042_plot_summary.csv","tools/merge_reports/full288_refreshed288_20260430_p90_dynamic72_qdesn_comparable_v4_laplace_repair/parameter_summaries/row_0042_parameter_summary.csv","tools/merge_reports/full288_refreshed288_20260430_p90_dynamic72_qdesn_comparable_v4_laplace_repair/predictive_quantile_grid/row_0042_predictive_quantile_grid.csv","comparison_plus_plot",FALSE,FALSE,FALSE,20000
43,43,"dynamic::laplace::0p50::500::default::exdqlm::vb","dynamic::laplace::0p50::500::default::exdqlm",201953,"not_started","smoke_dynamic_vb",2,FALSE,"dynamic","dynamic","laplace",0.5,"0p50",500,"default","exdqlm","vb","dynamic::laplace::0p50::500","dynamic__exdqlm__vb","tools/merge_reports/full288_refreshed288_20260430_p90_dynamic72_qdesn_comparable_v4_laplace_repair/configs/row_0043_run_config.rds","tools/merge_reports/full288_refreshed288_20260430_p90_dynamic72_qdesn_comparable_v4_laplace_repair","tools/merge_reports/full288_refreshed288_20260430_p90_dynamic72_qdesn_comparable_v4_laplace_repair/fits/vb/row_0043_dynamic_laplace_0p50_500_default_exdqlm_vb_fit.rds",NA,"tools/merge_reports/full288_refreshed288_20260430_p90_dynamic72_qdesn_comparable_v4_laplace_repair/rows/row_0043_status.csv","tools/merge_reports/full288_refreshed288_20260430_p90_dynamic72_qdesn_comparable_v4_laplace_repair/health/row_0043_health.csv","tools/merge_reports/full288_refreshed288_20260430_p90_dynamic72_qdesn_comparable_v4_laplace_repair/metrics/row_0043_metrics.csv","tools/merge_reports/full288_refreshed288_20260430_p90_dynamic72_qdesn_comparable_v4_laplace_repair/draws/row_0043_draws.rds","tools/merge_reports/full288_refreshed288_20260430_p90_dynamic72_qdesn_comparable_v4_laplace_repair/plot_summaries/row_0043_plot_summary.csv","tools/merge_reports/full288_refreshed288_20260430_p90_dynamic72_qdesn_comparable_v4_laplace_repair/parameter_summaries/row_0043_parameter_summary.csv","tools/merge_reports/full288_refreshed288_20260430_p90_dynamic72_qdesn_comparable_v4_laplace_repair/predictive_quantile_grid/row_0043_predictive_quantile_grid.csv","comparison_plus_plot",FALSE,FALSE,FALSE,20000
44,44,"dynamic::laplace::0p50::500::default::exdqlm::mcmc","dynamic::laplace::0p50::500::default::exdqlm",211869,"not_started","smoke_dynamic_mcmc",4,FALSE,"dynamic","dynamic","laplace",0.5,"0p50",500,"default","exdqlm","mcmc","dynamic::laplace::0p50::500","dynamic__exdqlm__mcmc","tools/merge_reports/full288_refreshed288_20260430_p90_dynamic72_qdesn_comparable_v4_laplace_repair/configs/row_0044_run_config.rds","tools/merge_reports/full288_refreshed288_20260430_p90_dynamic72_qdesn_comparable_v4_laplace_repair","tools/merge_reports/full288_refreshed288_20260430_p90_dynamic72_qdesn_comparable_v4_laplace_repair/fits/mcmc/row_0044_dynamic_laplace_0p50_500_default_exdqlm_mcmc_fit.rds","tools/merge_reports/full288_refreshed288_20260430_p90_dynamic72_qdesn_comparable_v4_laplace_repair/vb_init/dynamic/row_0044_dynamic_laplace_0p50_500_default_exdqlm_mcmc_vb_init.rds","tools/merge_reports/full288_refreshed288_20260430_p90_dynamic72_qdesn_comparable_v4_laplace_repair/rows/row_0044_status.csv","tools/merge_reports/full288_refreshed288_20260430_p90_dynamic72_qdesn_comparable_v4_laplace_repair/health/row_0044_health.csv","tools/merge_reports/full288_refreshed288_20260430_p90_dynamic72_qdesn_comparable_v4_laplace_repair/metrics/row_0044_metrics.csv","tools/merge_reports/full288_refreshed288_20260430_p90_dynamic72_qdesn_comparable_v4_laplace_repair/draws/row_0044_draws.rds","tools/merge_reports/full288_refreshed288_20260430_p90_dynamic72_qdesn_comparable_v4_laplace_repair/plot_summaries/row_0044_plot_summary.csv","tools/merge_reports/full288_refreshed288_20260430_p90_dynamic72_qdesn_comparable_v4_laplace_repair/parameter_summaries/row_0044_parameter_summary.csv","tools/merge_reports/full288_refreshed288_20260430_p90_dynamic72_qdesn_comparable_v4_laplace_repair/predictive_quantile_grid/row_0044_predictive_quantile_grid.csv","comparison_plus_plot",FALSE,FALSE,FALSE,20000
45,45,"dynamic::laplace::0p50::5000::default::dqlm::vb","dynamic::laplace::0p50::5000::default::dqlm",194769,"not_started","smoke_dynamic_vb",2,FALSE,"dynamic","dynamic","laplace",0.5,"0p50",5000,"default","dqlm","vb","dynamic::laplace::0p50::5000","dynamic__dqlm__vb","tools/merge_reports/full288_refreshed288_20260430_p90_dynamic72_qdesn_comparable_v4_laplace_repair/configs/row_0045_run_config.rds","tools/merge_reports/full288_refreshed288_20260430_p90_dynamic72_qdesn_comparable_v4_laplace_repair","tools/merge_reports/full288_refreshed288_20260430_p90_dynamic72_qdesn_comparable_v4_laplace_repair/fits/vb/row_0045_dynamic_laplace_0p50_5000_default_dqlm_vb_fit.rds",NA,"tools/merge_reports/full288_refreshed288_20260430_p90_dynamic72_qdesn_comparable_v4_laplace_repair/rows/row_0045_status.csv","tools/merge_reports/full288_refreshed288_20260430_p90_dynamic72_qdesn_comparable_v4_laplace_repair/health/row_0045_health.csv","tools/merge_reports/full288_refreshed288_20260430_p90_dynamic72_qdesn_comparable_v4_laplace_repair/metrics/row_0045_metrics.csv","tools/merge_reports/full288_refreshed288_20260430_p90_dynamic72_qdesn_comparable_v4_laplace_repair/draws/row_0045_draws.rds","tools/merge_reports/full288_refreshed288_20260430_p90_dynamic72_qdesn_comparable_v4_laplace_repair/plot_summaries/row_0045_plot_summary.csv","tools/merge_reports/full288_refreshed288_20260430_p90_dynamic72_qdesn_comparable_v4_laplace_repair/parameter_summaries/row_0045_parameter_summary.csv","tools/merge_reports/full288_refreshed288_20260430_p90_dynamic72_qdesn_comparable_v4_laplace_repair/predictive_quantile_grid/row_0045_predictive_quantile_grid.csv","comparison_plus_plot",FALSE,FALSE,FALSE,20000
46,46,"dynamic::laplace::0p50::5000::default::dqlm::mcmc","dynamic::laplace::0p50::5000::default::dqlm",204485,"not_started","smoke_dynamic_mcmc",4,FALSE,"dynamic","dynamic","laplace",0.5,"0p50",5000,"default","dqlm","mcmc","dynamic::laplace::0p50::5000","dynamic__dqlm__mcmc","tools/merge_reports/full288_refreshed288_20260430_p90_dynamic72_qdesn_comparable_v4_laplace_repair/configs/row_0046_run_config.rds","tools/merge_reports/full288_refreshed288_20260430_p90_dynamic72_qdesn_comparable_v4_laplace_repair","tools/merge_reports/full288_refreshed288_20260430_p90_dynamic72_qdesn_comparable_v4_laplace_repair/fits/mcmc/row_0046_dynamic_laplace_0p50_5000_default_dqlm_mcmc_fit.rds","tools/merge_reports/full288_refreshed288_20260430_p90_dynamic72_qdesn_comparable_v4_laplace_repair/vb_init/dynamic/row_0046_dynamic_laplace_0p50_5000_default_dqlm_mcmc_vb_init.rds","tools/merge_reports/full288_refreshed288_20260430_p90_dynamic72_qdesn_comparable_v4_laplace_repair/rows/row_0046_status.csv","tools/merge_reports/full288_refreshed288_20260430_p90_dynamic72_qdesn_comparable_v4_laplace_repair/health/row_0046_health.csv","tools/merge_reports/full288_refreshed288_20260430_p90_dynamic72_qdesn_comparable_v4_laplace_repair/metrics/row_0046_metrics.csv","tools/merge_reports/full288_refreshed288_20260430_p90_dynamic72_qdesn_comparable_v4_laplace_repair/draws/row_0046_draws.rds","tools/merge_reports/full288_refreshed288_20260430_p90_dynamic72_qdesn_comparable_v4_laplace_repair/plot_summaries/row_0046_plot_summary.csv","tools/merge_reports/full288_refreshed288_20260430_p90_dynamic72_qdesn_comparable_v4_laplace_repair/parameter_summaries/row_0046_parameter_summary.csv","tools/merge_reports/full288_refreshed288_20260430_p90_dynamic72_qdesn_comparable_v4_laplace_repair/predictive_quantile_grid/row_0046_predictive_quantile_grid.csv","comparison_plus_plot",FALSE,FALSE,FALSE,20000
47,47,"dynamic::laplace::0p50::5000::default::exdqlm::vb","dynamic::laplace::0p50::5000::default::exdqlm",205253,"not_started","smoke_dynamic_vb",2,FALSE,"dynamic","dynamic","laplace",0.5,"0p50",5000,"default","exdqlm","vb","dynamic::laplace::0p50::5000","dynamic__exdqlm__vb","tools/merge_reports/full288_refreshed288_20260430_p90_dynamic72_qdesn_comparable_v4_laplace_repair/configs/row_0047_run_config.rds","tools/merge_reports/full288_refreshed288_20260430_p90_dynamic72_qdesn_comparable_v4_laplace_repair","tools/merge_reports/full288_refreshed288_20260430_p90_dynamic72_qdesn_comparable_v4_laplace_repair/fits/vb/row_0047_dynamic_laplace_0p50_5000_default_exdqlm_vb_fit.rds",NA,"tools/merge_reports/full288_refreshed288_20260430_p90_dynamic72_qdesn_comparable_v4_laplace_repair/rows/row_0047_status.csv","tools/merge_reports/full288_refreshed288_20260430_p90_dynamic72_qdesn_comparable_v4_laplace_repair/health/row_0047_health.csv","tools/merge_reports/full288_refreshed288_20260430_p90_dynamic72_qdesn_comparable_v4_laplace_repair/metrics/row_0047_metrics.csv","tools/merge_reports/full288_refreshed288_20260430_p90_dynamic72_qdesn_comparable_v4_laplace_repair/draws/row_0047_draws.rds","tools/merge_reports/full288_refreshed288_20260430_p90_dynamic72_qdesn_comparable_v4_laplace_repair/plot_summaries/row_0047_plot_summary.csv","tools/merge_reports/full288_refreshed288_20260430_p90_dynamic72_qdesn_comparable_v4_laplace_repair/parameter_summaries/row_0047_parameter_summary.csv","tools/merge_reports/full288_refreshed288_20260430_p90_dynamic72_qdesn_comparable_v4_laplace_repair/predictive_quantile_grid/row_0047_predictive_quantile_grid.csv","comparison_plus_plot",FALSE,FALSE,FALSE,20000
48,48,"dynamic::laplace::0p50::5000::default::exdqlm::mcmc","dynamic::laplace::0p50::5000::default::exdqlm",215369,"not_started","smoke_dynamic_mcmc",4,FALSE,"dynamic","dynamic","laplace",0.5,"0p50",5000,"default","exdqlm","mcmc","dynamic::laplace::0p50::5000","dynamic__exdqlm__mcmc","tools/merge_reports/full288_refreshed288_20260430_p90_dynamic72_qdesn_comparable_v4_laplace_repair/configs/row_0048_run_config.rds","tools/merge_reports/full288_refreshed288_20260430_p90_dynamic72_qdesn_comparable_v4_laplace_repair","tools/merge_reports/full288_refreshed288_20260430_p90_dynamic72_qdesn_comparable_v4_laplace_repair/fits/mcmc/row_0048_dynamic_laplace_0p50_5000_default_exdqlm_mcmc_fit.rds","tools/merge_reports/full288_refreshed288_20260430_p90_dynamic72_qdesn_comparable_v4_laplace_repair/vb_init/dynamic/row_0048_dynamic_laplace_0p50_5000_default_exdqlm_mcmc_vb_init.rds","tools/merge_reports/full288_refreshed288_20260430_p90_dynamic72_qdesn_comparable_v4_laplace_repair/rows/row_0048_status.csv","tools/merge_reports/full288_refreshed288_20260430_p90_dynamic72_qdesn_comparable_v4_laplace_repair/health/row_0048_health.csv","tools/merge_reports/full288_refreshed288_20260430_p90_dynamic72_qdesn_comparable_v4_laplace_repair/metrics/row_0048_metrics.csv","tools/merge_reports/full288_refreshed288_20260430_p90_dynamic72_qdesn_comparable_v4_laplace_repair/draws/row_0048_draws.rds","tools/merge_reports/full288_refreshed288_20260430_p90_dynamic72_qdesn_comparable_v4_laplace_repair/plot_summaries/row_0048_plot_summary.csv","tools/merge_reports/full288_refreshed288_20260430_p90_dynamic72_qdesn_comparable_v4_laplace_repair/parameter_summaries/row_0048_parameter_summary.csv","tools/merge_reports/full288_refreshed288_20260430_p90_dynamic72_qdesn_comparable_v4_laplace_repair/predictive_quantile_grid/row_0048_predictive_quantile_grid.csv","comparison_plus_plot",FALSE,FALSE,FALSE,20000
65,65,"dynamic::normal::0p50::500::default::dqlm::vb","dynamic::normal::0p50::500::default::dqlm",188043,"not_started","smoke_dynamic_vb",2,FALSE,"dynamic","dynamic","normal",0.5,"0p50",500,"default","dqlm","vb","dynamic::normal::0p50::500","dynamic__dqlm__vb","tools/merge_reports/full288_refreshed288_20260430_p90_dynamic72_qdesn_comparable_v4_laplace_repair/configs/row_0065_run_config.rds","tools/merge_reports/full288_refreshed288_20260430_p90_dynamic72_qdesn_comparable_v4_laplace_repair","tools/merge_reports/full288_refreshed288_20260430_p90_dynamic72_qdesn_comparable_v4_laplace_repair/fits/vb/row_0065_dynamic_normal_0p50_500_default_dqlm_vb_fit.rds",NA,"tools/merge_reports/full288_refreshed288_20260430_p90_dynamic72_qdesn_comparable_v4_laplace_repair/rows/row_0065_status.csv","tools/merge_reports/full288_refreshed288_20260430_p90_dynamic72_qdesn_comparable_v4_laplace_repair/health/row_0065_health.csv","tools/merge_reports/full288_refreshed288_20260430_p90_dynamic72_qdesn_comparable_v4_laplace_repair/metrics/row_0065_metrics.csv","tools/merge_reports/full288_refreshed288_20260430_p90_dynamic72_qdesn_comparable_v4_laplace_repair/draws/row_0065_draws.rds","tools/merge_reports/full288_refreshed288_20260430_p90_dynamic72_qdesn_comparable_v4_laplace_repair/plot_summaries/row_0065_plot_summary.csv","tools/merge_reports/full288_refreshed288_20260430_p90_dynamic72_qdesn_comparable_v4_laplace_repair/parameter_summaries/row_0065_parameter_summary.csv","tools/merge_reports/full288_refreshed288_20260430_p90_dynamic72_qdesn_comparable_v4_laplace_repair/predictive_quantile_grid/row_0065_predictive_quantile_grid.csv","comparison_plus_plot",FALSE,FALSE,FALSE,20000
66,66,"dynamic::normal::0p50::500::default::dqlm::mcmc","dynamic::normal::0p50::500::default::dqlm",197359,"not_started","smoke_dynamic_mcmc",4,FALSE,"dynamic","dynamic","normal",0.5,"0p50",500,"default","dqlm","mcmc","dynamic::normal::0p50::500","dynamic__dqlm__mcmc","tools/merge_reports/full288_refreshed288_20260430_p90_dynamic72_qdesn_comparable_v4_laplace_repair/configs/row_0066_run_config.rds","tools/merge_reports/full288_refreshed288_20260430_p90_dynamic72_qdesn_comparable_v4_laplace_repair","tools/merge_reports/full288_refreshed288_20260430_p90_dynamic72_qdesn_comparable_v4_laplace_repair/fits/mcmc/row_0066_dynamic_normal_0p50_500_default_dqlm_mcmc_fit.rds","tools/merge_reports/full288_refreshed288_20260430_p90_dynamic72_qdesn_comparable_v4_laplace_repair/vb_init/dynamic/row_0066_dynamic_normal_0p50_500_default_dqlm_mcmc_vb_init.rds","tools/merge_reports/full288_refreshed288_20260430_p90_dynamic72_qdesn_comparable_v4_laplace_repair/rows/row_0066_status.csv","tools/merge_reports/full288_refreshed288_20260430_p90_dynamic72_qdesn_comparable_v4_laplace_repair/health/row_0066_health.csv","tools/merge_reports/full288_refreshed288_20260430_p90_dynamic72_qdesn_comparable_v4_laplace_repair/metrics/row_0066_metrics.csv","tools/merge_reports/full288_refreshed288_20260430_p90_dynamic72_qdesn_comparable_v4_laplace_repair/draws/row_0066_draws.rds","tools/merge_reports/full288_refreshed288_20260430_p90_dynamic72_qdesn_comparable_v4_laplace_repair/plot_summaries/row_0066_plot_summary.csv","tools/merge_reports/full288_refreshed288_20260430_p90_dynamic72_qdesn_comparable_v4_laplace_repair/parameter_summaries/row_0066_parameter_summary.csv","tools/merge_reports/full288_refreshed288_20260430_p90_dynamic72_qdesn_comparable_v4_laplace_repair/predictive_quantile_grid/row_0066_predictive_quantile_grid.csv","comparison_plus_plot",FALSE,FALSE,FALSE,20000
67,67,"dynamic::normal::0p50::500::default::exdqlm::vb","dynamic::normal::0p50::500::default::exdqlm",198085,"not_started","smoke_dynamic_vb",2,FALSE,"dynamic","dynamic","normal",0.5,"0p50",500,"default","exdqlm","vb","dynamic::normal::0p50::500","dynamic__exdqlm__vb","tools/merge_reports/full288_refreshed288_20260430_p90_dynamic72_qdesn_comparable_v4_laplace_repair/configs/row_0067_run_config.rds","tools/merge_reports/full288_refreshed288_20260430_p90_dynamic72_qdesn_comparable_v4_laplace_repair","tools/merge_reports/full288_refreshed288_20260430_p90_dynamic72_qdesn_comparable_v4_laplace_repair/fits/vb/row_0067_dynamic_normal_0p50_500_default_exdqlm_vb_fit.rds",NA,"tools/merge_reports/full288_refreshed288_20260430_p90_dynamic72_qdesn_comparable_v4_laplace_repair/rows/row_0067_status.csv","tools/merge_reports/full288_refreshed288_20260430_p90_dynamic72_qdesn_comparable_v4_laplace_repair/health/row_0067_health.csv","tools/merge_reports/full288_refreshed288_20260430_p90_dynamic72_qdesn_comparable_v4_laplace_repair/metrics/row_0067_metrics.csv","tools/merge_reports/full288_refreshed288_20260430_p90_dynamic72_qdesn_comparable_v4_laplace_repair/draws/row_0067_draws.rds","tools/merge_reports/full288_refreshed288_20260430_p90_dynamic72_qdesn_comparable_v4_laplace_repair/plot_summaries/row_0067_plot_summary.csv","tools/merge_reports/full288_refreshed288_20260430_p90_dynamic72_qdesn_comparable_v4_laplace_repair/parameter_summaries/row_0067_parameter_summary.csv","tools/merge_reports/full288_refreshed288_20260430_p90_dynamic72_qdesn_comparable_v4_laplace_repair/predictive_quantile_grid/row_0067_predictive_quantile_grid.csv","comparison_plus_plot",FALSE,FALSE,FALSE,20000
68,68,"dynamic::normal::0p50::500::default::exdqlm::mcmc","dynamic::normal::0p50::500::default::exdqlm",207801,"not_started","smoke_dynamic_mcmc",4,FALSE,"dynamic","dynamic","normal",0.5,"0p50",500,"default","exdqlm","mcmc","dynamic::normal::0p50::500","dynamic__exdqlm__mcmc","tools/merge_reports/full288_refreshed288_20260430_p90_dynamic72_qdesn_comparable_v4_laplace_repair/configs/row_0068_run_config.rds","tools/merge_reports/full288_refreshed288_20260430_p90_dynamic72_qdesn_comparable_v4_laplace_repair","tools/merge_reports/full288_refreshed288_20260430_p90_dynamic72_qdesn_comparable_v4_laplace_repair/fits/mcmc/row_0068_dynamic_normal_0p50_500_default_exdqlm_mcmc_fit.rds","tools/merge_reports/full288_refreshed288_20260430_p90_dynamic72_qdesn_comparable_v4_laplace_repair/vb_init/dynamic/row_0068_dynamic_normal_0p50_500_default_exdqlm_mcmc_vb_init.rds","tools/merge_reports/full288_refreshed288_20260430_p90_dynamic72_qdesn_comparable_v4_laplace_repair/rows/row_0068_status.csv","tools/merge_reports/full288_refreshed288_20260430_p90_dynamic72_qdesn_comparable_v4_laplace_repair/health/row_0068_health.csv","tools/merge_reports/full288_refreshed288_20260430_p90_dynamic72_qdesn_comparable_v4_laplace_repair/metrics/row_0068_metrics.csv","tools/merge_reports/full288_refreshed288_20260430_p90_dynamic72_qdesn_comparable_v4_laplace_repair/draws/row_0068_draws.rds","tools/merge_reports/full288_refreshed288_20260430_p90_dynamic72_qdesn_comparable_v4_laplace_repair/plot_summaries/row_0068_plot_summary.csv","tools/merge_reports/full288_refreshed288_20260430_p90_dynamic72_qdesn_comparable_v4_laplace_repair/parameter_summaries/row_0068_parameter_summary.csv","tools/merge_reports/full288_refreshed288_20260430_p90_dynamic72_qdesn_comparable_v4_laplace_repair/predictive_quantile_grid/row_0068_predictive_quantile_grid.csv","comparison_plus_plot",FALSE,FALSE,FALSE,20000
69,69,"dynamic::normal::0p50::5000::default::dqlm::vb","dynamic::normal::0p50::5000::default::dqlm",191074,"not_started","smoke_dynamic_vb",2,FALSE,"dynamic","dynamic","normal",0.5,"0p50",5000,"default","dqlm","vb","dynamic::normal::0p50::5000","dynamic__dqlm__vb","tools/merge_reports/full288_refreshed288_20260430_p90_dynamic72_qdesn_comparable_v4_laplace_repair/configs/row_0069_run_config.rds","tools/merge_reports/full288_refreshed288_20260430_p90_dynamic72_qdesn_comparable_v4_laplace_repair","tools/merge_reports/full288_refreshed288_20260430_p90_dynamic72_qdesn_comparable_v4_laplace_repair/fits/vb/row_0069_dynamic_normal_0p50_5000_default_dqlm_vb_fit.rds",NA,"tools/merge_reports/full288_refreshed288_20260430_p90_dynamic72_qdesn_comparable_v4_laplace_repair/rows/row_0069_status.csv","tools/merge_reports/full288_refreshed288_20260430_p90_dynamic72_qdesn_comparable_v4_laplace_repair/health/row_0069_health.csv","tools/merge_reports/full288_refreshed288_20260430_p90_dynamic72_qdesn_comparable_v4_laplace_repair/metrics/row_0069_metrics.csv","tools/merge_reports/full288_refreshed288_20260430_p90_dynamic72_qdesn_comparable_v4_laplace_repair/draws/row_0069_draws.rds","tools/merge_reports/full288_refreshed288_20260430_p90_dynamic72_qdesn_comparable_v4_laplace_repair/plot_summaries/row_0069_plot_summary.csv","tools/merge_reports/full288_refreshed288_20260430_p90_dynamic72_qdesn_comparable_v4_laplace_repair/parameter_summaries/row_0069_parameter_summary.csv","tools/merge_reports/full288_refreshed288_20260430_p90_dynamic72_qdesn_comparable_v4_laplace_repair/predictive_quantile_grid/row_0069_predictive_quantile_grid.csv","comparison_plus_plot",FALSE,FALSE,FALSE,20000
70,70,"dynamic::normal::0p50::5000::default::dqlm::mcmc","dynamic::normal::0p50::5000::default::dqlm",200590,"not_started","smoke_dynamic_mcmc",4,FALSE,"dynamic","dynamic","normal",0.5,"0p50",5000,"default","dqlm","mcmc","dynamic::normal::0p50::5000","dynamic__dqlm__mcmc","tools/merge_reports/full288_refreshed288_20260430_p90_dynamic72_qdesn_comparable_v4_laplace_repair/configs/row_0070_run_config.rds","tools/merge_reports/full288_refreshed288_20260430_p90_dynamic72_qdesn_comparable_v4_laplace_repair","tools/merge_reports/full288_refreshed288_20260430_p90_dynamic72_qdesn_comparable_v4_laplace_repair/fits/mcmc/row_0070_dynamic_normal_0p50_5000_default_dqlm_mcmc_fit.rds","tools/merge_reports/full288_refreshed288_20260430_p90_dynamic72_qdesn_comparable_v4_laplace_repair/vb_init/dynamic/row_0070_dynamic_normal_0p50_5000_default_dqlm_mcmc_vb_init.rds","tools/merge_reports/full288_refreshed288_20260430_p90_dynamic72_qdesn_comparable_v4_laplace_repair/rows/row_0070_status.csv","tools/merge_reports/full288_refreshed288_20260430_p90_dynamic72_qdesn_comparable_v4_laplace_repair/health/row_0070_health.csv","tools/merge_reports/full288_refreshed288_20260430_p90_dynamic72_qdesn_comparable_v4_laplace_repair/metrics/row_0070_metrics.csv","tools/merge_reports/full288_refreshed288_20260430_p90_dynamic72_qdesn_comparable_v4_laplace_repair/draws/row_0070_draws.rds","tools/merge_reports/full288_refreshed288_20260430_p90_dynamic72_qdesn_comparable_v4_laplace_repair/plot_summaries/row_0070_plot_summary.csv","tools/merge_reports/full288_refreshed288_20260430_p90_dynamic72_qdesn_comparable_v4_laplace_repair/parameter_summaries/row_0070_parameter_summary.csv","tools/merge_reports/full288_refreshed288_20260430_p90_dynamic72_qdesn_comparable_v4_laplace_repair/predictive_quantile_grid/row_0070_predictive_quantile_grid.csv","comparison_plus_plot",FALSE,FALSE,FALSE,20000
71,71,"dynamic::normal::0p50::5000::default::exdqlm::vb","dynamic::normal::0p50::5000::default::exdqlm",201337,"not_started","smoke_dynamic_vb",2,FALSE,"dynamic","dynamic","normal",0.5,"0p50",5000,"default","exdqlm","vb","dynamic::normal::0p50::5000","dynamic__exdqlm__vb","tools/merge_reports/full288_refreshed288_20260430_p90_dynamic72_qdesn_comparable_v4_laplace_repair/configs/row_0071_run_config.rds","tools/merge_reports/full288_refreshed288_20260430_p90_dynamic72_qdesn_comparable_v4_laplace_repair","tools/merge_reports/full288_refreshed288_20260430_p90_dynamic72_qdesn_comparable_v4_laplace_repair/fits/vb/row_0071_dynamic_normal_0p50_5000_default_exdqlm_vb_fit.rds",NA,"tools/merge_reports/full288_refreshed288_20260430_p90_dynamic72_qdesn_comparable_v4_laplace_repair/rows/row_0071_status.csv","tools/merge_reports/full288_refreshed288_20260430_p90_dynamic72_qdesn_comparable_v4_laplace_repair/health/row_0071_health.csv","tools/merge_reports/full288_refreshed288_20260430_p90_dynamic72_qdesn_comparable_v4_laplace_repair/metrics/row_0071_metrics.csv","tools/merge_reports/full288_refreshed288_20260430_p90_dynamic72_qdesn_comparable_v4_laplace_repair/draws/row_0071_draws.rds","tools/merge_reports/full288_refreshed288_20260430_p90_dynamic72_qdesn_comparable_v4_laplace_repair/plot_summaries/row_0071_plot_summary.csv","tools/merge_reports/full288_refreshed288_20260430_p90_dynamic72_qdesn_comparable_v4_laplace_repair/parameter_summaries/row_0071_parameter_summary.csv","tools/merge_reports/full288_refreshed288_20260430_p90_dynamic72_qdesn_comparable_v4_laplace_repair/predictive_quantile_grid/row_0071_predictive_quantile_grid.csv","comparison_plus_plot",FALSE,FALSE,FALSE,20000
72,72,"dynamic::normal::0p50::5000::default::exdqlm::mcmc","dynamic::normal::0p50::5000::default::exdqlm",211253,"not_started","smoke_dynamic_mcmc",4,FALSE,"dynamic","dynamic","normal",0.5,"0p50",5000,"default","exdqlm","mcmc","dynamic::normal::0p50::5000","dynamic__exdqlm__mcmc","tools/merge_reports/full288_refreshed288_20260430_p90_dynamic72_qdesn_comparable_v4_laplace_repair/configs/row_0072_run_config.rds","tools/merge_reports/full288_refreshed288_20260430_p90_dynamic72_qdesn_comparable_v4_laplace_repair","tools/merge_reports/full288_refreshed288_20260430_p90_dynamic72_qdesn_comparable_v4_laplace_repair/fits/mcmc/row_0072_dynamic_normal_0p50_5000_default_exdqlm_mcmc_fit.rds","tools/merge_reports/full288_refreshed288_20260430_p90_dynamic72_qdesn_comparable_v4_laplace_repair/vb_init/dynamic/row_0072_dynamic_normal_0p50_5000_default_exdqlm_mcmc_vb_init.rds","tools/merge_reports/full288_refreshed288_20260430_p90_dynamic72_qdesn_comparable_v4_laplace_repair/rows/row_0072_status.csv","tools/merge_reports/full288_refreshed288_20260430_p90_dynamic72_qdesn_comparable_v4_laplace_repair/health/row_0072_health.csv","tools/merge_reports/full288_refreshed288_20260430_p90_dynamic72_qdesn_comparable_v4_laplace_repair/metrics/row_0072_metrics.csv","tools/merge_reports/full288_refreshed288_20260430_p90_dynamic72_qdesn_comparable_v4_laplace_repair/draws/row_0072_draws.rds","tools/merge_reports/full288_refreshed288_20260430_p90_dynamic72_qdesn_comparable_v4_laplace_repair/plot_summaries/row_0072_plot_summary.csv","tools/merge_reports/full288_refreshed288_20260430_p90_dynamic72_qdesn_comparable_v4_laplace_repair/parameter_summaries/row_0072_parameter_summary.csv","tools/merge_reports/full288_refreshed288_20260430_p90_dynamic72_qdesn_comparable_v4_laplace_repair/predictive_quantile_grid/row_0072_predictive_quantile_grid.csv","comparison_plus_plot",FALSE,FALSE,FALSE,20000
137,137,"static_paper::normal::0p50::100::paper::al::vb","static_paper::normal::0p50::100::paper::al",188580,"not_started","smoke_static_vb",1,FALSE,"static","static_paper","normal",0.5,"0p50",100,"paper","al","vb","static_paper::normal::0p50::100","static_paper__paper__al__vb","tools/merge_reports/full288_refreshed288_20260430_p90_dynamic72_qdesn_comparable_v4_laplace_repair/configs/row_0137_run_config.rds","tools/merge_reports/full288_refreshed288_20260430_p90_dynamic72_qdesn_comparable_v4_laplace_repair","tools/merge_reports/full288_refreshed288_20260430_p90_dynamic72_qdesn_comparable_v4_laplace_repair/fits/vb/row_0137_static_paper_normal_0p50_100_paper_al_vb_fit.rds",NA,"tools/merge_reports/full288_refreshed288_20260430_p90_dynamic72_qdesn_comparable_v4_laplace_repair/rows/row_0137_status.csv","tools/merge_reports/full288_refreshed288_20260430_p90_dynamic72_qdesn_comparable_v4_laplace_repair/health/row_0137_health.csv","tools/merge_reports/full288_refreshed288_20260430_p90_dynamic72_qdesn_comparable_v4_laplace_repair/metrics/row_0137_metrics.csv","tools/merge_reports/full288_refreshed288_20260430_p90_dynamic72_qdesn_comparable_v4_laplace_repair/draws/row_0137_draws.rds","tools/merge_reports/full288_refreshed288_20260430_p90_dynamic72_qdesn_comparable_v4_laplace_repair/plot_summaries/row_0137_plot_summary.csv","tools/merge_reports/full288_refreshed288_20260430_p90_dynamic72_qdesn_comparable_v4_laplace_repair/parameter_summaries/row_0137_parameter_summary.csv","tools/merge_reports/full288_refreshed288_20260430_p90_dynamic72_qdesn_comparable_v4_laplace_repair/predictive_quantile_grid/row_0137_predictive_quantile_grid.csv","comparison_plus_plot",FALSE,FALSE,FALSE,20000
138,138,"static_paper::normal::0p50::100::paper::al::mcmc","static_paper::normal::0p50::100::paper::al",198096,"not_started","smoke_static_mcmc",3,FALSE,"static","static_paper","normal",0.5,"0p50",100,"paper","al","mcmc","static_paper::normal::0p50::100","static_paper__paper__al__mcmc","tools/merge_reports/full288_refreshed288_20260430_p90_dynamic72_qdesn_comparable_v4_laplace_repair/configs/row_0138_run_config.rds","tools/merge_reports/full288_refreshed288_20260430_p90_dynamic72_qdesn_comparable_v4_laplace_repair","tools/merge_reports/full288_refreshed288_20260430_p90_dynamic72_qdesn_comparable_v4_laplace_repair/fits/mcmc/row_0138_static_paper_normal_0p50_100_paper_al_mcmc_fit.rds","tools/merge_reports/full288_refreshed288_20260430_p90_dynamic72_qdesn_comparable_v4_laplace_repair/vb_init/static/row_0138_static_paper_normal_0p50_100_paper_al_mcmc_vb_init.rds","tools/merge_reports/full288_refreshed288_20260430_p90_dynamic72_qdesn_comparable_v4_laplace_repair/rows/row_0138_status.csv","tools/merge_reports/full288_refreshed288_20260430_p90_dynamic72_qdesn_comparable_v4_laplace_repair/health/row_0138_health.csv","tools/merge_reports/full288_refreshed288_20260430_p90_dynamic72_qdesn_comparable_v4_laplace_repair/metrics/row_0138_metrics.csv","tools/merge_reports/full288_refreshed288_20260430_p90_dynamic72_qdesn_comparable_v4_laplace_repair/draws/row_0138_draws.rds","tools/merge_reports/full288_refreshed288_20260430_p90_dynamic72_qdesn_comparable_v4_laplace_repair/plot_summaries/row_0138_plot_summary.csv","tools/merge_reports/full288_refreshed288_20260430_p90_dynamic72_qdesn_comparable_v4_laplace_repair/parameter_summaries/row_0138_parameter_summary.csv","tools/merge_reports/full288_refreshed288_20260430_p90_dynamic72_qdesn_comparable_v4_laplace_repair/predictive_quantile_grid/row_0138_predictive_quantile_grid.csv","comparison_plus_plot",FALSE,FALSE,FALSE,20000
139,139,"static_paper::normal::0p50::100::paper::exal::vb","static_paper::normal::0p50::100::paper::exal",198835,"not_started","smoke_static_vb",1,FALSE,"static","static_paper","normal",0.5,"0p50",100,"paper","exal","vb","static_paper::normal::0p50::100","static_paper__paper__exal__vb","tools/merge_reports/full288_refreshed288_20260430_p90_dynamic72_qdesn_comparable_v4_laplace_repair/configs/row_0139_run_config.rds","tools/merge_reports/full288_refreshed288_20260430_p90_dynamic72_qdesn_comparable_v4_laplace_repair","tools/merge_reports/full288_refreshed288_20260430_p90_dynamic72_qdesn_comparable_v4_laplace_repair/fits/vb/row_0139_static_paper_normal_0p50_100_paper_exal_vb_fit.rds",NA,"tools/merge_reports/full288_refreshed288_20260430_p90_dynamic72_qdesn_comparable_v4_laplace_repair/rows/row_0139_status.csv","tools/merge_reports/full288_refreshed288_20260430_p90_dynamic72_qdesn_comparable_v4_laplace_repair/health/row_0139_health.csv","tools/merge_reports/full288_refreshed288_20260430_p90_dynamic72_qdesn_comparable_v4_laplace_repair/metrics/row_0139_metrics.csv","tools/merge_reports/full288_refreshed288_20260430_p90_dynamic72_qdesn_comparable_v4_laplace_repair/draws/row_0139_draws.rds","tools/merge_reports/full288_refreshed288_20260430_p90_dynamic72_qdesn_comparable_v4_laplace_repair/plot_summaries/row_0139_plot_summary.csv","tools/merge_reports/full288_refreshed288_20260430_p90_dynamic72_qdesn_comparable_v4_laplace_repair/parameter_summaries/row_0139_parameter_summary.csv","tools/merge_reports/full288_refreshed288_20260430_p90_dynamic72_qdesn_comparable_v4_laplace_repair/predictive_quantile_grid/row_0139_predictive_quantile_grid.csv","comparison_plus_plot",FALSE,FALSE,FALSE,20000
140,140,"static_paper::normal::0p50::100::paper::exal::mcmc","static_paper::normal::0p50::100::paper::exal",208751,"not_started","smoke_static_mcmc",3,FALSE,"static","static_paper","normal",0.5,"0p50",100,"paper","exal","mcmc","static_paper::normal::0p50::100","static_paper__paper__exal__mcmc","tools/merge_reports/full288_refreshed288_20260430_p90_dynamic72_qdesn_comparable_v4_laplace_repair/configs/row_0140_run_config.rds","tools/merge_reports/full288_refreshed288_20260430_p90_dynamic72_qdesn_comparable_v4_laplace_repair","tools/merge_reports/full288_refreshed288_20260430_p90_dynamic72_qdesn_comparable_v4_laplace_repair/fits/mcmc/row_0140_static_paper_normal_0p50_100_paper_exal_mcmc_fit.rds","tools/merge_reports/full288_refreshed288_20260430_p90_dynamic72_qdesn_comparable_v4_laplace_repair/vb_init/static/row_0140_static_paper_normal_0p50_100_paper_exal_mcmc_vb_init.rds","tools/merge_reports/full288_refreshed288_20260430_p90_dynamic72_qdesn_comparable_v4_laplace_repair/rows/row_0140_status.csv","tools/merge_reports/full288_refreshed288_20260430_p90_dynamic72_qdesn_comparable_v4_laplace_repair/health/row_0140_health.csv","tools/merge_reports/full288_refreshed288_20260430_p90_dynamic72_qdesn_comparable_v4_laplace_repair/metrics/row_0140_metrics.csv","tools/merge_reports/full288_refreshed288_20260430_p90_dynamic72_qdesn_comparable_v4_laplace_repair/draws/row_0140_draws.rds","tools/merge_reports/full288_refreshed288_20260430_p90_dynamic72_qdesn_comparable_v4_laplace_repair/plot_summaries/row_0140_plot_summary.csv","tools/merge_reports/full288_refreshed288_20260430_p90_dynamic72_qdesn_comparable_v4_laplace_repair/parameter_summaries/row_0140_parameter_summary.csv","tools/merge_reports/full288_refreshed288_20260430_p90_dynamic72_qdesn_comparable_v4_laplace_repair/predictive_quantile_grid/row_0140_predictive_quantile_grid.csv","comparison_plus_plot",FALSE,FALSE,FALSE,20000
141,141,"static_paper::normal::0p50::1000::paper::al::vb","static_paper::normal::0p50::1000::paper::al",191421,"not_started","smoke_static_vb",1,FALSE,"static","static_paper","normal",0.5,"0p50",1000,"paper","al","vb","static_paper::normal::0p50::1000","static_paper__paper__al__vb","tools/merge_reports/full288_refreshed288_20260430_p90_dynamic72_qdesn_comparable_v4_laplace_repair/configs/row_0141_run_config.rds","tools/merge_reports/full288_refreshed288_20260430_p90_dynamic72_qdesn_comparable_v4_laplace_repair","tools/merge_reports/full288_refreshed288_20260430_p90_dynamic72_qdesn_comparable_v4_laplace_repair/fits/vb/row_0141_static_paper_normal_0p50_1000_paper_al_vb_fit.rds",NA,"tools/merge_reports/full288_refreshed288_20260430_p90_dynamic72_qdesn_comparable_v4_laplace_repair/rows/row_0141_status.csv","tools/merge_reports/full288_refreshed288_20260430_p90_dynamic72_qdesn_comparable_v4_laplace_repair/health/row_0141_health.csv","tools/merge_reports/full288_refreshed288_20260430_p90_dynamic72_qdesn_comparable_v4_laplace_repair/metrics/row_0141_metrics.csv","tools/merge_reports/full288_refreshed288_20260430_p90_dynamic72_qdesn_comparable_v4_laplace_repair/draws/row_0141_draws.rds","tools/merge_reports/full288_refreshed288_20260430_p90_dynamic72_qdesn_comparable_v4_laplace_repair/plot_summaries/row_0141_plot_summary.csv","tools/merge_reports/full288_refreshed288_20260430_p90_dynamic72_qdesn_comparable_v4_laplace_repair/parameter_summaries/row_0141_parameter_summary.csv","tools/merge_reports/full288_refreshed288_20260430_p90_dynamic72_qdesn_comparable_v4_laplace_repair/predictive_quantile_grid/row_0141_predictive_quantile_grid.csv","comparison_plus_plot",FALSE,FALSE,FALSE,20000
142,142,"static_paper::normal::0p50::1000::paper::al::mcmc","static_paper::normal::0p50::1000::paper::al",201137,"not_started","smoke_static_mcmc",3,FALSE,"static","static_paper","normal",0.5,"0p50",1000,"paper","al","mcmc","static_paper::normal::0p50::1000","static_paper__paper__al__mcmc","tools/merge_reports/full288_refreshed288_20260430_p90_dynamic72_qdesn_comparable_v4_laplace_repair/configs/row_0142_run_config.rds","tools/merge_reports/full288_refreshed288_20260430_p90_dynamic72_qdesn_comparable_v4_laplace_repair","tools/merge_reports/full288_refreshed288_20260430_p90_dynamic72_qdesn_comparable_v4_laplace_repair/fits/mcmc/row_0142_static_paper_normal_0p50_1000_paper_al_mcmc_fit.rds","tools/merge_reports/full288_refreshed288_20260430_p90_dynamic72_qdesn_comparable_v4_laplace_repair/vb_init/static/row_0142_static_paper_normal_0p50_1000_paper_al_mcmc_vb_init.rds","tools/merge_reports/full288_refreshed288_20260430_p90_dynamic72_qdesn_comparable_v4_laplace_repair/rows/row_0142_status.csv","tools/merge_reports/full288_refreshed288_20260430_p90_dynamic72_qdesn_comparable_v4_laplace_repair/health/row_0142_health.csv","tools/merge_reports/full288_refreshed288_20260430_p90_dynamic72_qdesn_comparable_v4_laplace_repair/metrics/row_0142_metrics.csv","tools/merge_reports/full288_refreshed288_20260430_p90_dynamic72_qdesn_comparable_v4_laplace_repair/draws/row_0142_draws.rds","tools/merge_reports/full288_refreshed288_20260430_p90_dynamic72_qdesn_comparable_v4_laplace_repair/plot_summaries/row_0142_plot_summary.csv","tools/merge_reports/full288_refreshed288_20260430_p90_dynamic72_qdesn_comparable_v4_laplace_repair/parameter_summaries/row_0142_parameter_summary.csv","tools/merge_reports/full288_refreshed288_20260430_p90_dynamic72_qdesn_comparable_v4_laplace_repair/predictive_quantile_grid/row_0142_predictive_quantile_grid.csv","comparison_plus_plot",FALSE,FALSE,FALSE,20000
143,143,"static_paper::normal::0p50::1000::paper::exal::vb","static_paper::normal::0p50::1000::paper::exal",201897,"not_started","smoke_static_vb",1,FALSE,"static","static_paper","normal",0.5,"0p50",1000,"paper","exal","vb","static_paper::normal::0p50::1000","static_paper__paper__exal__vb","tools/merge_reports/full288_refreshed288_20260430_p90_dynamic72_qdesn_comparable_v4_laplace_repair/configs/row_0143_run_config.rds","tools/merge_reports/full288_refreshed288_20260430_p90_dynamic72_qdesn_comparable_v4_laplace_repair","tools/merge_reports/full288_refreshed288_20260430_p90_dynamic72_qdesn_comparable_v4_laplace_repair/fits/vb/row_0143_static_paper_normal_0p50_1000_paper_exal_vb_fit.rds",NA,"tools/merge_reports/full288_refreshed288_20260430_p90_dynamic72_qdesn_comparable_v4_laplace_repair/rows/row_0143_status.csv","tools/merge_reports/full288_refreshed288_20260430_p90_dynamic72_qdesn_comparable_v4_laplace_repair/health/row_0143_health.csv","tools/merge_reports/full288_refreshed288_20260430_p90_dynamic72_qdesn_comparable_v4_laplace_repair/metrics/row_0143_metrics.csv","tools/merge_reports/full288_refreshed288_20260430_p90_dynamic72_qdesn_comparable_v4_laplace_repair/draws/row_0143_draws.rds","tools/merge_reports/full288_refreshed288_20260430_p90_dynamic72_qdesn_comparable_v4_laplace_repair/plot_summaries/row_0143_plot_summary.csv","tools/merge_reports/full288_refreshed288_20260430_p90_dynamic72_qdesn_comparable_v4_laplace_repair/parameter_summaries/row_0143_parameter_summary.csv","tools/merge_reports/full288_refreshed288_20260430_p90_dynamic72_qdesn_comparable_v4_laplace_repair/predictive_quantile_grid/row_0143_predictive_quantile_grid.csv","comparison_plus_plot",FALSE,FALSE,FALSE,20000
144,144,"static_paper::normal::0p50::1000::paper::exal::mcmc","static_paper::normal::0p50::1000::paper::exal",212013,"not_started","smoke_static_mcmc",3,FALSE,"static","static_paper","normal",0.5,"0p50",1000,"paper","exal","mcmc","static_paper::normal::0p50::1000","static_paper__paper__exal__mcmc","tools/merge_reports/full288_refreshed288_20260430_p90_dynamic72_qdesn_comparable_v4_laplace_repair/configs/row_0144_run_config.rds","tools/merge_reports/full288_refreshed288_20260430_p90_dynamic72_qdesn_comparable_v4_laplace_repair","tools/merge_reports/full288_refreshed288_20260430_p90_dynamic72_qdesn_comparable_v4_laplace_repair/fits/mcmc/row_0144_static_paper_normal_0p50_1000_paper_exal_mcmc_fit.rds","tools/merge_reports/full288_refreshed288_20260430_p90_dynamic72_qdesn_comparable_v4_laplace_repair/vb_init/static/row_0144_static_paper_normal_0p50_1000_paper_exal_mcmc_vb_init.rds","tools/merge_reports/full288_refreshed288_20260430_p90_dynamic72_qdesn_comparable_v4_laplace_repair/rows/row_0144_status.csv","tools/merge_reports/full288_refreshed288_20260430_p90_dynamic72_qdesn_comparable_v4_laplace_repair/health/row_0144_health.csv","tools/merge_reports/full288_refreshed288_20260430_p90_dynamic72_qdesn_comparable_v4_laplace_repair/metrics/row_0144_metrics.csv","tools/merge_reports/full288_refreshed288_20260430_p90_dynamic72_qdesn_comparable_v4_laplace_repair/draws/row_0144_draws.rds","tools/merge_reports/full288_refreshed288_20260430_p90_dynamic72_qdesn_comparable_v4_laplace_repair/plot_summaries/row_0144_plot_summary.csv","tools/merge_reports/full288_refreshed288_20260430_p90_dynamic72_qdesn_comparable_v4_laplace_repair/parameter_summaries/row_0144_parameter_summary.csv","tools/merge_reports/full288_refreshed288_20260430_p90_dynamic72_qdesn_comparable_v4_laplace_repair/predictive_quantile_grid/row_0144_predictive_quantile_grid.csv","comparison_plus_plot",FALSE,FALSE,FALSE,20000
273,273,"static_shrink::normal::0p50::100::ridge::al::vb","static_shrink::normal::0p50::100::ridge::al",192265,"not_started","smoke_static_vb",1,FALSE,"static","static_shrink","normal",0.5,"0p50",100,"ridge","al","vb","static_shrink::normal::0p50::100","static_shrink__ridge__al__vb","tools/merge_reports/full288_refreshed288_20260430_p90_dynamic72_qdesn_comparable_v4_laplace_repair/configs/row_0273_run_config.rds","tools/merge_reports/full288_refreshed288_20260430_p90_dynamic72_qdesn_comparable_v4_laplace_repair","tools/merge_reports/full288_refreshed288_20260430_p90_dynamic72_qdesn_comparable_v4_laplace_repair/fits/vb/row_0273_static_shrink_normal_0p50_100_ridge_al_vb_fit.rds",NA,"tools/merge_reports/full288_refreshed288_20260430_p90_dynamic72_qdesn_comparable_v4_laplace_repair/rows/row_0273_status.csv","tools/merge_reports/full288_refreshed288_20260430_p90_dynamic72_qdesn_comparable_v4_laplace_repair/health/row_0273_health.csv","tools/merge_reports/full288_refreshed288_20260430_p90_dynamic72_qdesn_comparable_v4_laplace_repair/metrics/row_0273_metrics.csv","tools/merge_reports/full288_refreshed288_20260430_p90_dynamic72_qdesn_comparable_v4_laplace_repair/draws/row_0273_draws.rds","tools/merge_reports/full288_refreshed288_20260430_p90_dynamic72_qdesn_comparable_v4_laplace_repair/plot_summaries/row_0273_plot_summary.csv","tools/merge_reports/full288_refreshed288_20260430_p90_dynamic72_qdesn_comparable_v4_laplace_repair/parameter_summaries/row_0273_parameter_summary.csv","tools/merge_reports/full288_refreshed288_20260430_p90_dynamic72_qdesn_comparable_v4_laplace_repair/predictive_quantile_grid/row_0273_predictive_quantile_grid.csv","comparison_plus_plot",FALSE,FALSE,FALSE,20000
274,274,"static_shrink::normal::0p50::100::ridge::al::mcmc","static_shrink::normal::0p50::100::ridge::al",201981,"not_started","smoke_static_mcmc",3,FALSE,"static","static_shrink","normal",0.5,"0p50",100,"ridge","al","mcmc","static_shrink::normal::0p50::100","static_shrink__ridge__al__mcmc","tools/merge_reports/full288_refreshed288_20260430_p90_dynamic72_qdesn_comparable_v4_laplace_repair/configs/row_0274_run_config.rds","tools/merge_reports/full288_refreshed288_20260430_p90_dynamic72_qdesn_comparable_v4_laplace_repair","tools/merge_reports/full288_refreshed288_20260430_p90_dynamic72_qdesn_comparable_v4_laplace_repair/fits/mcmc/row_0274_static_shrink_normal_0p50_100_ridge_al_mcmc_fit.rds","tools/merge_reports/full288_refreshed288_20260430_p90_dynamic72_qdesn_comparable_v4_laplace_repair/vb_init/static/row_0274_static_shrink_normal_0p50_100_ridge_al_mcmc_vb_init.rds","tools/merge_reports/full288_refreshed288_20260430_p90_dynamic72_qdesn_comparable_v4_laplace_repair/rows/row_0274_status.csv","tools/merge_reports/full288_refreshed288_20260430_p90_dynamic72_qdesn_comparable_v4_laplace_repair/health/row_0274_health.csv","tools/merge_reports/full288_refreshed288_20260430_p90_dynamic72_qdesn_comparable_v4_laplace_repair/metrics/row_0274_metrics.csv","tools/merge_reports/full288_refreshed288_20260430_p90_dynamic72_qdesn_comparable_v4_laplace_repair/draws/row_0274_draws.rds","tools/merge_reports/full288_refreshed288_20260430_p90_dynamic72_qdesn_comparable_v4_laplace_repair/plot_summaries/row_0274_plot_summary.csv","tools/merge_reports/full288_refreshed288_20260430_p90_dynamic72_qdesn_comparable_v4_laplace_repair/parameter_summaries/row_0274_parameter_summary.csv","tools/merge_reports/full288_refreshed288_20260430_p90_dynamic72_qdesn_comparable_v4_laplace_repair/predictive_quantile_grid/row_0274_predictive_quantile_grid.csv","comparison_plus_plot",FALSE,FALSE,FALSE,20000
275,275,"static_shrink::normal::0p50::100::ridge::exal::vb","static_shrink::normal::0p50::100::ridge::exal",202741,"not_started","smoke_static_vb",1,FALSE,"static","static_shrink","normal",0.5,"0p50",100,"ridge","exal","vb","static_shrink::normal::0p50::100","static_shrink__ridge__exal__vb","tools/merge_reports/full288_refreshed288_20260430_p90_dynamic72_qdesn_comparable_v4_laplace_repair/configs/row_0275_run_config.rds","tools/merge_reports/full288_refreshed288_20260430_p90_dynamic72_qdesn_comparable_v4_laplace_repair","tools/merge_reports/full288_refreshed288_20260430_p90_dynamic72_qdesn_comparable_v4_laplace_repair/fits/vb/row_0275_static_shrink_normal_0p50_100_ridge_exal_vb_fit.rds",NA,"tools/merge_reports/full288_refreshed288_20260430_p90_dynamic72_qdesn_comparable_v4_laplace_repair/rows/row_0275_status.csv","tools/merge_reports/full288_refreshed288_20260430_p90_dynamic72_qdesn_comparable_v4_laplace_repair/health/row_0275_health.csv","tools/merge_reports/full288_refreshed288_20260430_p90_dynamic72_qdesn_comparable_v4_laplace_repair/metrics/row_0275_metrics.csv","tools/merge_reports/full288_refreshed288_20260430_p90_dynamic72_qdesn_comparable_v4_laplace_repair/draws/row_0275_draws.rds","tools/merge_reports/full288_refreshed288_20260430_p90_dynamic72_qdesn_comparable_v4_laplace_repair/plot_summaries/row_0275_plot_summary.csv","tools/merge_reports/full288_refreshed288_20260430_p90_dynamic72_qdesn_comparable_v4_laplace_repair/parameter_summaries/row_0275_parameter_summary.csv","tools/merge_reports/full288_refreshed288_20260430_p90_dynamic72_qdesn_comparable_v4_laplace_repair/predictive_quantile_grid/row_0275_predictive_quantile_grid.csv","comparison_plus_plot",FALSE,FALSE,FALSE,20000
276,276,"static_shrink::normal::0p50::100::ridge::exal::mcmc","static_shrink::normal::0p50::100::ridge::exal",212857,"not_started","smoke_static_mcmc",3,FALSE,"static","static_shrink","normal",0.5,"0p50",100,"ridge","exal","mcmc","static_shrink::normal::0p50::100","static_shrink__ridge__exal__mcmc","tools/merge_reports/full288_refreshed288_20260430_p90_dynamic72_qdesn_comparable_v4_laplace_repair/configs/row_0276_run_config.rds","tools/merge_reports/full288_refreshed288_20260430_p90_dynamic72_qdesn_comparable_v4_laplace_repair","tools/merge_reports/full288_refreshed288_20260430_p90_dynamic72_qdesn_comparable_v4_laplace_repair/fits/mcmc/row_0276_static_shrink_normal_0p50_100_ridge_exal_mcmc_fit.rds","tools/merge_reports/full288_refreshed288_20260430_p90_dynamic72_qdesn_comparable_v4_laplace_repair/vb_init/static/row_0276_static_shrink_normal_0p50_100_ridge_exal_mcmc_vb_init.rds","tools/merge_reports/full288_refreshed288_20260430_p90_dynamic72_qdesn_comparable_v4_laplace_repair/rows/row_0276_status.csv","tools/merge_reports/full288_refreshed288_20260430_p90_dynamic72_qdesn_comparable_v4_laplace_repair/health/row_0276_health.csv","tools/merge_reports/full288_refreshed288_20260430_p90_dynamic72_qdesn_comparable_v4_laplace_repair/metrics/row_0276_metrics.csv","tools/merge_reports/full288_refreshed288_20260430_p90_dynamic72_qdesn_comparable_v4_laplace_repair/draws/row_0276_draws.rds","tools/merge_reports/full288_refreshed288_20260430_p90_dynamic72_qdesn_comparable_v4_laplace_repair/plot_summaries/row_0276_plot_summary.csv","tools/merge_reports/full288_refreshed288_20260430_p90_dynamic72_qdesn_comparable_v4_laplace_repair/parameter_summaries/row_0276_parameter_summary.csv","tools/merge_reports/full288_refreshed288_20260430_p90_dynamic72_qdesn_comparable_v4_laplace_repair/predictive_quantile_grid/row_0276_predictive_quantile_grid.csv","comparison_plus_plot",FALSE,FALSE,FALSE,20000
277,277,"static_shrink::normal::0p50::100::rhs_ns::al::vb","static_shrink::normal::0p50::100::rhs_ns::al",198084,"not_started","smoke_static_vb",1,FALSE,"static","static_shrink","normal",0.5,"0p50",100,"rhs_ns","al","vb","static_shrink::normal::0p50::100","static_shrink__rhs_ns__al__vb","tools/merge_reports/full288_refreshed288_20260430_p90_dynamic72_qdesn_comparable_v4_laplace_repair/configs/row_0277_run_config.rds","tools/merge_reports/full288_refreshed288_20260430_p90_dynamic72_qdesn_comparable_v4_laplace_repair","tools/merge_reports/full288_refreshed288_20260430_p90_dynamic72_qdesn_comparable_v4_laplace_repair/fits/vb/row_0277_static_shrink_normal_0p50_100_rhs_ns_al_vb_fit.rds",NA,"tools/merge_reports/full288_refreshed288_20260430_p90_dynamic72_qdesn_comparable_v4_laplace_repair/rows/row_0277_status.csv","tools/merge_reports/full288_refreshed288_20260430_p90_dynamic72_qdesn_comparable_v4_laplace_repair/health/row_0277_health.csv","tools/merge_reports/full288_refreshed288_20260430_p90_dynamic72_qdesn_comparable_v4_laplace_repair/metrics/row_0277_metrics.csv","tools/merge_reports/full288_refreshed288_20260430_p90_dynamic72_qdesn_comparable_v4_laplace_repair/draws/row_0277_draws.rds","tools/merge_reports/full288_refreshed288_20260430_p90_dynamic72_qdesn_comparable_v4_laplace_repair/plot_summaries/row_0277_plot_summary.csv","tools/merge_reports/full288_refreshed288_20260430_p90_dynamic72_qdesn_comparable_v4_laplace_repair/parameter_summaries/row_0277_parameter_summary.csv","tools/merge_reports/full288_refreshed288_20260430_p90_dynamic72_qdesn_comparable_v4_laplace_repair/predictive_quantile_grid/row_0277_predictive_quantile_grid.csv","comparison_plus_plot",FALSE,FALSE,FALSE,20000
278,278,"static_shrink::normal::0p50::100::rhs_ns::al::mcmc","static_shrink::normal::0p50::100::rhs_ns::al",208000,"not_started","smoke_static_mcmc",3,FALSE,"static","static_shrink","normal",0.5,"0p50",100,"rhs_ns","al","mcmc","static_shrink::normal::0p50::100","static_shrink__rhs_ns__al__mcmc","tools/merge_reports/full288_refreshed288_20260430_p90_dynamic72_qdesn_comparable_v4_laplace_repair/configs/row_0278_run_config.rds","tools/merge_reports/full288_refreshed288_20260430_p90_dynamic72_qdesn_comparable_v4_laplace_repair","tools/merge_reports/full288_refreshed288_20260430_p90_dynamic72_qdesn_comparable_v4_laplace_repair/fits/mcmc/row_0278_static_shrink_normal_0p50_100_rhs_ns_al_mcmc_fit.rds","tools/merge_reports/full288_refreshed288_20260430_p90_dynamic72_qdesn_comparable_v4_laplace_repair/vb_init/static/row_0278_static_shrink_normal_0p50_100_rhs_ns_al_mcmc_vb_init.rds","tools/merge_reports/full288_refreshed288_20260430_p90_dynamic72_qdesn_comparable_v4_laplace_repair/rows/row_0278_status.csv","tools/merge_reports/full288_refreshed288_20260430_p90_dynamic72_qdesn_comparable_v4_laplace_repair/health/row_0278_health.csv","tools/merge_reports/full288_refreshed288_20260430_p90_dynamic72_qdesn_comparable_v4_laplace_repair/metrics/row_0278_metrics.csv","tools/merge_reports/full288_refreshed288_20260430_p90_dynamic72_qdesn_comparable_v4_laplace_repair/draws/row_0278_draws.rds","tools/merge_reports/full288_refreshed288_20260430_p90_dynamic72_qdesn_comparable_v4_laplace_repair/plot_summaries/row_0278_plot_summary.csv","tools/merge_reports/full288_refreshed288_20260430_p90_dynamic72_qdesn_comparable_v4_laplace_repair/parameter_summaries/row_0278_parameter_summary.csv","tools/merge_reports/full288_refreshed288_20260430_p90_dynamic72_qdesn_comparable_v4_laplace_repair/predictive_quantile_grid/row_0278_predictive_quantile_grid.csv","comparison_plus_plot",FALSE,FALSE,FALSE,20000
279,279,"static_shrink::normal::0p50::100::rhs_ns::exal::vb","static_shrink::normal::0p50::100::rhs_ns::exal",208781,"not_started","smoke_static_vb",1,FALSE,"static","static_shrink","normal",0.5,"0p50",100,"rhs_ns","exal","vb","static_shrink::normal::0p50::100","static_shrink__rhs_ns__exal__vb","tools/merge_reports/full288_refreshed288_20260430_p90_dynamic72_qdesn_comparable_v4_laplace_repair/configs/row_0279_run_config.rds","tools/merge_reports/full288_refreshed288_20260430_p90_dynamic72_qdesn_comparable_v4_laplace_repair","tools/merge_reports/full288_refreshed288_20260430_p90_dynamic72_qdesn_comparable_v4_laplace_repair/fits/vb/row_0279_static_shrink_normal_0p50_100_rhs_ns_exal_vb_fit.rds",NA,"tools/merge_reports/full288_refreshed288_20260430_p90_dynamic72_qdesn_comparable_v4_laplace_repair/rows/row_0279_status.csv","tools/merge_reports/full288_refreshed288_20260430_p90_dynamic72_qdesn_comparable_v4_laplace_repair/health/row_0279_health.csv","tools/merge_reports/full288_refreshed288_20260430_p90_dynamic72_qdesn_comparable_v4_laplace_repair/metrics/row_0279_metrics.csv","tools/merge_reports/full288_refreshed288_20260430_p90_dynamic72_qdesn_comparable_v4_laplace_repair/draws/row_0279_draws.rds","tools/merge_reports/full288_refreshed288_20260430_p90_dynamic72_qdesn_comparable_v4_laplace_repair/plot_summaries/row_0279_plot_summary.csv","tools/merge_reports/full288_refreshed288_20260430_p90_dynamic72_qdesn_comparable_v4_laplace_repair/parameter_summaries/row_0279_parameter_summary.csv","tools/merge_reports/full288_refreshed288_20260430_p90_dynamic72_qdesn_comparable_v4_laplace_repair/predictive_quantile_grid/row_0279_predictive_quantile_grid.csv","comparison_plus_plot",FALSE,FALSE,FALSE,20000
280,280,"static_shrink::normal::0p50::100::rhs_ns::exal::mcmc","static_shrink::normal::0p50::100::rhs_ns::exal",219097,"not_started","smoke_static_mcmc",3,FALSE,"static","static_shrink","normal",0.5,"0p50",100,"rhs_ns","exal","mcmc","static_shrink::normal::0p50::100","static_shrink__rhs_ns__exal__mcmc","tools/merge_reports/full288_refreshed288_20260430_p90_dynamic72_qdesn_comparable_v4_laplace_repair/configs/row_0280_run_config.rds","tools/merge_reports/full288_refreshed288_20260430_p90_dynamic72_qdesn_comparable_v4_laplace_repair","tools/merge_reports/full288_refreshed288_20260430_p90_dynamic72_qdesn_comparable_v4_laplace_repair/fits/mcmc/row_0280_static_shrink_normal_0p50_100_rhs_ns_exal_mcmc_fit.rds","tools/merge_reports/full288_refreshed288_20260430_p90_dynamic72_qdesn_comparable_v4_laplace_repair/vb_init/static/row_0280_static_shrink_normal_0p50_100_rhs_ns_exal_mcmc_vb_init.rds","tools/merge_reports/full288_refreshed288_20260430_p90_dynamic72_qdesn_comparable_v4_laplace_repair/rows/row_0280_status.csv","tools/merge_reports/full288_refreshed288_20260430_p90_dynamic72_qdesn_comparable_v4_laplace_repair/health/row_0280_health.csv","tools/merge_reports/full288_refreshed288_20260430_p90_dynamic72_qdesn_comparable_v4_laplace_repair/metrics/row_0280_metrics.csv","tools/merge_reports/full288_refreshed288_20260430_p90_dynamic72_qdesn_comparable_v4_laplace_repair/draws/row_0280_draws.rds","tools/merge_reports/full288_refreshed288_20260430_p90_dynamic72_qdesn_comparable_v4_laplace_repair/plot_summaries/row_0280_plot_summary.csv","tools/merge_reports/full288_refreshed288_20260430_p90_dynamic72_qdesn_comparable_v4_laplace_repair/parameter_summaries/row_0280_parameter_summary.csv","tools/merge_reports/full288_refreshed288_20260430_p90_dynamic72_qdesn_comparable_v4_laplace_repair/predictive_quantile_grid/row_0280_predictive_quantile_grid.csv","comparison_plus_plot",FALSE,FALSE,FALSE,20000
281,281,"static_shrink::normal::0p50::1000::ridge::al::vb","static_shrink::normal::0p50::1000::ridge::al",195141,"not_started","smoke_static_vb",1,FALSE,"static","static_shrink","normal",0.5,"0p50",1000,"ridge","al","vb","static_shrink::normal::0p50::1000","static_shrink__ridge__al__vb","tools/merge_reports/full288_refreshed288_20260430_p90_dynamic72_qdesn_comparable_v4_laplace_repair/configs/row_0281_run_config.rds","tools/merge_reports/full288_refreshed288_20260430_p90_dynamic72_qdesn_comparable_v4_laplace_repair","tools/merge_reports/full288_refreshed288_20260430_p90_dynamic72_qdesn_comparable_v4_laplace_repair/fits/vb/row_0281_static_shrink_normal_0p50_1000_ridge_al_vb_fit.rds",NA,"tools/merge_reports/full288_refreshed288_20260430_p90_dynamic72_qdesn_comparable_v4_laplace_repair/rows/row_0281_status.csv","tools/merge_reports/full288_refreshed288_20260430_p90_dynamic72_qdesn_comparable_v4_laplace_repair/health/row_0281_health.csv","tools/merge_reports/full288_refreshed288_20260430_p90_dynamic72_qdesn_comparable_v4_laplace_repair/metrics/row_0281_metrics.csv","tools/merge_reports/full288_refreshed288_20260430_p90_dynamic72_qdesn_comparable_v4_laplace_repair/draws/row_0281_draws.rds","tools/merge_reports/full288_refreshed288_20260430_p90_dynamic72_qdesn_comparable_v4_laplace_repair/plot_summaries/row_0281_plot_summary.csv","tools/merge_reports/full288_refreshed288_20260430_p90_dynamic72_qdesn_comparable_v4_laplace_repair/parameter_summaries/row_0281_parameter_summary.csv","tools/merge_reports/full288_refreshed288_20260430_p90_dynamic72_qdesn_comparable_v4_laplace_repair/predictive_quantile_grid/row_0281_predictive_quantile_grid.csv","comparison_plus_plot",FALSE,FALSE,FALSE,20000
282,282,"static_shrink::normal::0p50::1000::ridge::al::mcmc","static_shrink::normal::0p50::1000::ridge::al",205057,"not_started","smoke_static_mcmc",3,FALSE,"static","static_shrink","normal",0.5,"0p50",1000,"ridge","al","mcmc","static_shrink::normal::0p50::1000","static_shrink__ridge__al__mcmc","tools/merge_reports/full288_refreshed288_20260430_p90_dynamic72_qdesn_comparable_v4_laplace_repair/configs/row_0282_run_config.rds","tools/merge_reports/full288_refreshed288_20260430_p90_dynamic72_qdesn_comparable_v4_laplace_repair","tools/merge_reports/full288_refreshed288_20260430_p90_dynamic72_qdesn_comparable_v4_laplace_repair/fits/mcmc/row_0282_static_shrink_normal_0p50_1000_ridge_al_mcmc_fit.rds","tools/merge_reports/full288_refreshed288_20260430_p90_dynamic72_qdesn_comparable_v4_laplace_repair/vb_init/static/row_0282_static_shrink_normal_0p50_1000_ridge_al_mcmc_vb_init.rds","tools/merge_reports/full288_refreshed288_20260430_p90_dynamic72_qdesn_comparable_v4_laplace_repair/rows/row_0282_status.csv","tools/merge_reports/full288_refreshed288_20260430_p90_dynamic72_qdesn_comparable_v4_laplace_repair/health/row_0282_health.csv","tools/merge_reports/full288_refreshed288_20260430_p90_dynamic72_qdesn_comparable_v4_laplace_repair/metrics/row_0282_metrics.csv","tools/merge_reports/full288_refreshed288_20260430_p90_dynamic72_qdesn_comparable_v4_laplace_repair/draws/row_0282_draws.rds","tools/merge_reports/full288_refreshed288_20260430_p90_dynamic72_qdesn_comparable_v4_laplace_repair/plot_summaries/row_0282_plot_summary.csv","tools/merge_reports/full288_refreshed288_20260430_p90_dynamic72_qdesn_comparable_v4_laplace_repair/parameter_summaries/row_0282_parameter_summary.csv","tools/merge_reports/full288_refreshed288_20260430_p90_dynamic72_qdesn_comparable_v4_laplace_repair/predictive_quantile_grid/row_0282_predictive_quantile_grid.csv","comparison_plus_plot",FALSE,FALSE,FALSE,20000
283,283,"static_shrink::normal::0p50::1000::ridge::exal::vb","static_shrink::normal::0p50::1000::ridge::exal",205838,"not_started","smoke_static_vb",1,FALSE,"static","static_shrink","normal",0.5,"0p50",1000,"ridge","exal","vb","static_shrink::normal::0p50::1000","static_shrink__ridge__exal__vb","tools/merge_reports/full288_refreshed288_20260430_p90_dynamic72_qdesn_comparable_v4_laplace_repair/configs/row_0283_run_config.rds","tools/merge_reports/full288_refreshed288_20260430_p90_dynamic72_qdesn_comparable_v4_laplace_repair","tools/merge_reports/full288_refreshed288_20260430_p90_dynamic72_qdesn_comparable_v4_laplace_repair/fits/vb/row_0283_static_shrink_normal_0p50_1000_ridge_exal_vb_fit.rds",NA,"tools/merge_reports/full288_refreshed288_20260430_p90_dynamic72_qdesn_comparable_v4_laplace_repair/rows/row_0283_status.csv","tools/merge_reports/full288_refreshed288_20260430_p90_dynamic72_qdesn_comparable_v4_laplace_repair/health/row_0283_health.csv","tools/merge_reports/full288_refreshed288_20260430_p90_dynamic72_qdesn_comparable_v4_laplace_repair/metrics/row_0283_metrics.csv","tools/merge_reports/full288_refreshed288_20260430_p90_dynamic72_qdesn_comparable_v4_laplace_repair/draws/row_0283_draws.rds","tools/merge_reports/full288_refreshed288_20260430_p90_dynamic72_qdesn_comparable_v4_laplace_repair/plot_summaries/row_0283_plot_summary.csv","tools/merge_reports/full288_refreshed288_20260430_p90_dynamic72_qdesn_comparable_v4_laplace_repair/parameter_summaries/row_0283_parameter_summary.csv","tools/merge_reports/full288_refreshed288_20260430_p90_dynamic72_qdesn_comparable_v4_laplace_repair/predictive_quantile_grid/row_0283_predictive_quantile_grid.csv","comparison_plus_plot",FALSE,FALSE,FALSE,20000
284,284,"static_shrink::normal::0p50::1000::ridge::exal::mcmc","static_shrink::normal::0p50::1000::ridge::exal",216154,"not_started","smoke_static_mcmc",3,FALSE,"static","static_shrink","normal",0.5,"0p50",1000,"ridge","exal","mcmc","static_shrink::normal::0p50::1000","static_shrink__ridge__exal__mcmc","tools/merge_reports/full288_refreshed288_20260430_p90_dynamic72_qdesn_comparable_v4_laplace_repair/configs/row_0284_run_config.rds","tools/merge_reports/full288_refreshed288_20260430_p90_dynamic72_qdesn_comparable_v4_laplace_repair","tools/merge_reports/full288_refreshed288_20260430_p90_dynamic72_qdesn_comparable_v4_laplace_repair/fits/mcmc/row_0284_static_shrink_normal_0p50_1000_ridge_exal_mcmc_fit.rds","tools/merge_reports/full288_refreshed288_20260430_p90_dynamic72_qdesn_comparable_v4_laplace_repair/vb_init/static/row_0284_static_shrink_normal_0p50_1000_ridge_exal_mcmc_vb_init.rds","tools/merge_reports/full288_refreshed288_20260430_p90_dynamic72_qdesn_comparable_v4_laplace_repair/rows/row_0284_status.csv","tools/merge_reports/full288_refreshed288_20260430_p90_dynamic72_qdesn_comparable_v4_laplace_repair/health/row_0284_health.csv","tools/merge_reports/full288_refreshed288_20260430_p90_dynamic72_qdesn_comparable_v4_laplace_repair/metrics/row_0284_metrics.csv","tools/merge_reports/full288_refreshed288_20260430_p90_dynamic72_qdesn_comparable_v4_laplace_repair/draws/row_0284_draws.rds","tools/merge_reports/full288_refreshed288_20260430_p90_dynamic72_qdesn_comparable_v4_laplace_repair/plot_summaries/row_0284_plot_summary.csv","tools/merge_reports/full288_refreshed288_20260430_p90_dynamic72_qdesn_comparable_v4_laplace_repair/parameter_summaries/row_0284_parameter_summary.csv","tools/merge_reports/full288_refreshed288_20260430_p90_dynamic72_qdesn_comparable_v4_laplace_repair/predictive_quantile_grid/row_0284_predictive_quantile_grid.csv","comparison_plus_plot",FALSE,FALSE,FALSE,20000
285,285,"static_shrink::normal::0p50::1000::rhs_ns::al::vb","static_shrink::normal::0p50::1000::rhs_ns::al",201090,"not_started","smoke_static_vb",1,FALSE,"static","static_shrink","normal",0.5,"0p50",1000,"rhs_ns","al","vb","static_shrink::normal::0p50::1000","static_shrink__rhs_ns__al__vb","tools/merge_reports/full288_refreshed288_20260430_p90_dynamic72_qdesn_comparable_v4_laplace_repair/configs/row_0285_run_config.rds","tools/merge_reports/full288_refreshed288_20260430_p90_dynamic72_qdesn_comparable_v4_laplace_repair","tools/merge_reports/full288_refreshed288_20260430_p90_dynamic72_qdesn_comparable_v4_laplace_repair/fits/vb/row_0285_static_shrink_normal_0p50_1000_rhs_ns_al_vb_fit.rds",NA,"tools/merge_reports/full288_refreshed288_20260430_p90_dynamic72_qdesn_comparable_v4_laplace_repair/rows/row_0285_status.csv","tools/merge_reports/full288_refreshed288_20260430_p90_dynamic72_qdesn_comparable_v4_laplace_repair/health/row_0285_health.csv","tools/merge_reports/full288_refreshed288_20260430_p90_dynamic72_qdesn_comparable_v4_laplace_repair/metrics/row_0285_metrics.csv","tools/merge_reports/full288_refreshed288_20260430_p90_dynamic72_qdesn_comparable_v4_laplace_repair/draws/row_0285_draws.rds","tools/merge_reports/full288_refreshed288_20260430_p90_dynamic72_qdesn_comparable_v4_laplace_repair/plot_summaries/row_0285_plot_summary.csv","tools/merge_reports/full288_refreshed288_20260430_p90_dynamic72_qdesn_comparable_v4_laplace_repair/parameter_summaries/row_0285_parameter_summary.csv","tools/merge_reports/full288_refreshed288_20260430_p90_dynamic72_qdesn_comparable_v4_laplace_repair/predictive_quantile_grid/row_0285_predictive_quantile_grid.csv","comparison_plus_plot",FALSE,FALSE,FALSE,20000
286,286,"static_shrink::normal::0p50::1000::rhs_ns::al::mcmc","static_shrink::normal::0p50::1000::rhs_ns::al",211206,"not_started","smoke_static_mcmc",3,FALSE,"static","static_shrink","normal",0.5,"0p50",1000,"rhs_ns","al","mcmc","static_shrink::normal::0p50::1000","static_shrink__rhs_ns__al__mcmc","tools/merge_reports/full288_refreshed288_20260430_p90_dynamic72_qdesn_comparable_v4_laplace_repair/configs/row_0286_run_config.rds","tools/merge_reports/full288_refreshed288_20260430_p90_dynamic72_qdesn_comparable_v4_laplace_repair","tools/merge_reports/full288_refreshed288_20260430_p90_dynamic72_qdesn_comparable_v4_laplace_repair/fits/mcmc/row_0286_static_shrink_normal_0p50_1000_rhs_ns_al_mcmc_fit.rds","tools/merge_reports/full288_refreshed288_20260430_p90_dynamic72_qdesn_comparable_v4_laplace_repair/vb_init/static/row_0286_static_shrink_normal_0p50_1000_rhs_ns_al_mcmc_vb_init.rds","tools/merge_reports/full288_refreshed288_20260430_p90_dynamic72_qdesn_comparable_v4_laplace_repair/rows/row_0286_status.csv","tools/merge_reports/full288_refreshed288_20260430_p90_dynamic72_qdesn_comparable_v4_laplace_repair/health/row_0286_health.csv","tools/merge_reports/full288_refreshed288_20260430_p90_dynamic72_qdesn_comparable_v4_laplace_repair/metrics/row_0286_metrics.csv","tools/merge_reports/full288_refreshed288_20260430_p90_dynamic72_qdesn_comparable_v4_laplace_repair/draws/row_0286_draws.rds","tools/merge_reports/full288_refreshed288_20260430_p90_dynamic72_qdesn_comparable_v4_laplace_repair/plot_summaries/row_0286_plot_summary.csv","tools/merge_reports/full288_refreshed288_20260430_p90_dynamic72_qdesn_comparable_v4_laplace_repair/parameter_summaries/row_0286_parameter_summary.csv","tools/merge_reports/full288_refreshed288_20260430_p90_dynamic72_qdesn_comparable_v4_laplace_repair/predictive_quantile_grid/row_0286_predictive_quantile_grid.csv","comparison_plus_plot",FALSE,FALSE,FALSE,20000
287,287,"static_shrink::normal::0p50::1000::rhs_ns::exal::vb","static_shrink::normal::0p50::1000::rhs_ns::exal",212008,"not_started","smoke_static_vb",1,FALSE,"static","static_shrink","normal",0.5,"0p50",1000,"rhs_ns","exal","vb","static_shrink::normal::0p50::1000","static_shrink__rhs_ns__exal__vb","tools/merge_reports/full288_refreshed288_20260430_p90_dynamic72_qdesn_comparable_v4_laplace_repair/configs/row_0287_run_config.rds","tools/merge_reports/full288_refreshed288_20260430_p90_dynamic72_qdesn_comparable_v4_laplace_repair","tools/merge_reports/full288_refreshed288_20260430_p90_dynamic72_qdesn_comparable_v4_laplace_repair/fits/vb/row_0287_static_shrink_normal_0p50_1000_rhs_ns_exal_vb_fit.rds",NA,"tools/merge_reports/full288_refreshed288_20260430_p90_dynamic72_qdesn_comparable_v4_laplace_repair/rows/row_0287_status.csv","tools/merge_reports/full288_refreshed288_20260430_p90_dynamic72_qdesn_comparable_v4_laplace_repair/health/row_0287_health.csv","tools/merge_reports/full288_refreshed288_20260430_p90_dynamic72_qdesn_comparable_v4_laplace_repair/metrics/row_0287_metrics.csv","tools/merge_reports/full288_refreshed288_20260430_p90_dynamic72_qdesn_comparable_v4_laplace_repair/draws/row_0287_draws.rds","tools/merge_reports/full288_refreshed288_20260430_p90_dynamic72_qdesn_comparable_v4_laplace_repair/plot_summaries/row_0287_plot_summary.csv","tools/merge_reports/full288_refreshed288_20260430_p90_dynamic72_qdesn_comparable_v4_laplace_repair/parameter_summaries/row_0287_parameter_summary.csv","tools/merge_reports/full288_refreshed288_20260430_p90_dynamic72_qdesn_comparable_v4_laplace_repair/predictive_quantile_grid/row_0287_predictive_quantile_grid.csv","comparison_plus_plot",FALSE,FALSE,FALSE,20000
288,288,"static_shrink::normal::0p50::1000::rhs_ns::exal::mcmc","static_shrink::normal::0p50::1000::rhs_ns::exal",222524,"not_started","smoke_static_mcmc",3,FALSE,"static","static_shrink","normal",0.5,"0p50",1000,"rhs_ns","exal","mcmc","static_shrink::normal::0p50::1000","static_shrink__rhs_ns__exal__mcmc","tools/merge_reports/full288_refreshed288_20260430_p90_dynamic72_qdesn_comparable_v4_laplace_repair/configs/row_0288_run_config.rds","tools/merge_reports/full288_refreshed288_20260430_p90_dynamic72_qdesn_comparable_v4_laplace_repair","tools/merge_reports/full288_refreshed288_20260430_p90_dynamic72_qdesn_comparable_v4_laplace_repair/fits/mcmc/row_0288_static_shrink_normal_0p50_1000_rhs_ns_exal_mcmc_fit.rds","tools/merge_reports/full288_refreshed288_20260430_p90_dynamic72_qdesn_comparable_v4_laplace_repair/vb_init/static/row_0288_static_shrink_normal_0p50_1000_rhs_ns_exal_mcmc_vb_init.rds","tools/merge_reports/full288_refreshed288_20260430_p90_dynamic72_qdesn_comparable_v4_laplace_repair/rows/row_0288_status.csv","tools/merge_reports/full288_refreshed288_20260430_p90_dynamic72_qdesn_comparable_v4_laplace_repair/health/row_0288_health.csv","tools/merge_reports/full288_refreshed288_20260430_p90_dynamic72_qdesn_comparable_v4_laplace_repair/metrics/row_0288_metrics.csv","tools/merge_reports/full288_refreshed288_20260430_p90_dynamic72_qdesn_comparable_v4_laplace_repair/draws/row_0288_draws.rds","tools/merge_reports/full288_refreshed288_20260430_p90_dynamic72_qdesn_comparable_v4_laplace_repair/plot_summaries/row_0288_plot_summary.csv","tools/merge_reports/full288_refreshed288_20260430_p90_dynamic72_qdesn_comparable_v4_laplace_repair/parameter_summaries/row_0288_parameter_summary.csv","tools/merge_reports/full288_refreshed288_20260430_p90_dynamic72_qdesn_comparable_v4_laplace_repair/predictive_quantile_grid/row_0288_predictive_quantile_grid.csv","comparison_plus_plot",FALSE,FALSE,FALSE,20000
