"row_id","pair_id","seed","status_manifest","missing_inputs","block","phase","phase_order","config_id","original_case_key","baseline_gate_overall","root_kind_manifest","family_manifest","tau","tau_label_manifest","fit_size","prior","prior_override","inference_manifest","model_manifest","method","run_root","tables_dir","run_config_path","sim_output_path","baseline_fit_path_manifest","candidate_fit_path_manifest","source_signoff_path","candidate_variant_tag","evidence_gate","evidence_healthy","evidence_source_type","evidence_source_path","vb_candidate_fit_path","rationale","candidate_exists_prelaunch","ts_start","ts_end","status_row","error","gate_overall","healthy","rhs_collapse_flag","runtime_sec","inference_row","model_row","root_kind_row","family_row","tau_label_row","baseline_fit_path_row","candidate_fit_path_row","health_csv","telemetry_csv","status","root_kind","family","tau_label","model","inference","baseline_fit_path","candidate_fit_path","state","gate_rank","baseline_gate_rank","candidate_preference_rank","done_flag"
1,"dynamic::gausmix::0p05::500::default::exdqlm::mcmc::mcmc_exdqlm_rw_joint_anchor",2026032703,"pending",FALSE,"dynamic","anchor7_rw_joint",1,"mcmc_exdqlm_rw_joint_anchor","dynamic::gausmix::0p05::500::default::exdqlm::mcmc","FAIL","dynamic","gausmix",0.05,"0p05",500,"default","default","mcmc","exdqlm","mcmc::exdqlm","/home/jaguir26/local/src/exdqlm__wt__dqlm-conjugacy-cavi-gibbs/results/function_testing_20260309_dynamic_dlm_family_qspec/dlm_constV_smallW/gausmix/tau_0p05/fit_input_lastTT500/validation_dynamic_tt500","/home/jaguir26/local/src/exdqlm__wt__dqlm-conjugacy-cavi-gibbs/results/function_testing_20260309_dynamic_dlm_family_qspec/dlm_constV_smallW/gausmix/tau_0p05/fit_input_lastTT500/validation_dynamic_tt500/tables","/home/jaguir26/local/src/exdqlm__wt__dqlm-conjugacy-cavi-gibbs/tools/merge_reports/original288_dynamic_tail7_rw_configs_20260406/anchor7_rw_joint/exdqlm_gausmix_tau0p05_tt500_mcmc_exdqlm_rw_joint_anchor.rds","/home/jaguir26/local/src/exdqlm__wt__dqlm-conjugacy-cavi-gibbs/results/function_testing_20260309_dynamic_dlm_family_qspec/dlm_constV_smallW/gausmix/tau_0p05/fit_input_lastTT500/sim_output.rds","/home/jaguir26/local/src/exdqlm__wt__dqlm-conjugacy-cavi-gibbs/results/function_testing_20260309_dynamic_dlm_family_qspec/dlm_constV_smallW/gausmix/tau_0p05/fit_input_lastTT500/validation_dynamic_tt500/fits/mcmc/mcmc_exdqlm_tau_0p05_fit.rds","/home/jaguir26/local/src/exdqlm__wt__dqlm-conjugacy-cavi-gibbs/results/function_testing_20260309_dynamic_dlm_family_qspec/dlm_constV_smallW/gausmix/tau_0p05/fit_input_lastTT500/validation_dynamic_tt500/fits/mcmc/mcmc_exdqlm_tau_0p05_fit_orig288_dyn_tail7_rw_joint_20260406.rds","/home/jaguir26/local/src/exdqlm__wt__dqlm-conjugacy-cavi-gibbs/results/function_testing_20260309_dynamic_dlm_family_qspec/dlm_constV_smallW/gausmix/tau_0p05/fit_input_lastTT500/validation_dynamic_tt500/tables/method_signoff_long.csv","orig288_dyn_tail7_rw_joint_20260406",,,"new_compute_targeted","/home/jaguir26/local/src/exdqlm__wt__dqlm-conjugacy-cavi-gibbs/tools/merge_reports/original288_dynamic_tail7_rw_configs_20260406/anchor7_rw_joint/exdqlm_gausmix_tau0p05_tt500_mcmc_exdqlm_rw_joint_anchor.rds","/home/jaguir26/local/src/exdqlm__wt__dqlm-conjugacy-cavi-gibbs/results/function_testing_20260309_dynamic_dlm_family_qspec/dlm_constV_smallW/gausmix/tau_0p05/fit_input_lastTT500/validation_dynamic_tt500/fits/vb/vb_exdqlm_tau_0p05_fit.rds","New all-tail anchor in the laplace_rw corridor: use explicit healthy same-scenario VB warm starts, enable joint covariance rebuilding after burn-in, and standardize a stronger adaptive refresh schedule.",FALSE,"2026-04-06 13:52:32.887969","2026-04-06 13:59:39.82876","done",,"FAIL",FALSE,FALSE,393.574,"mcmc","exdqlm","dynamic","gausmix","0p05","/home/jaguir26/local/src/exdqlm__wt__dqlm-conjugacy-cavi-gibbs/results/function_testing_20260309_dynamic_dlm_family_qspec/dlm_constV_smallW/gausmix/tau_0p05/fit_input_lastTT500/validation_dynamic_tt500/fits/mcmc/mcmc_exdqlm_tau_0p05_fit.rds","/home/jaguir26/local/src/exdqlm__wt__dqlm-conjugacy-cavi-gibbs/results/function_testing_20260309_dynamic_dlm_family_qspec/dlm_constV_smallW/gausmix/tau_0p05/fit_input_lastTT500/validation_dynamic_tt500/fits/mcmc/mcmc_exdqlm_tau_0p05_fit_orig288_dyn_tail7_rw_joint_20260406.rds","/home/jaguir26/local/src/exdqlm__wt__dqlm-conjugacy-cavi-gibbs/tools/merge_reports/full288_original288_dynamic_tail7_rw_20260406/health/health_0001.csv","/home/jaguir26/local/src/exdqlm__wt__dqlm-conjugacy-cavi-gibbs/tools/merge_reports/full288_original288_dynamic_tail7_rw_20260406/telemetry/row_1.csv","done","dynamic","gausmix","0p05","exdqlm","mcmc","/home/jaguir26/local/src/exdqlm__wt__dqlm-conjugacy-cavi-gibbs/results/function_testing_20260309_dynamic_dlm_family_qspec/dlm_constV_smallW/gausmix/tau_0p05/fit_input_lastTT500/validation_dynamic_tt500/fits/mcmc/mcmc_exdqlm_tau_0p05_fit.rds","/home/jaguir26/local/src/exdqlm__wt__dqlm-conjugacy-cavi-gibbs/results/function_testing_20260309_dynamic_dlm_family_qspec/dlm_constV_smallW/gausmix/tau_0p05/fit_input_lastTT500/validation_dynamic_tt500/fits/mcmc/mcmc_exdqlm_tau_0p05_fit_orig288_dyn_tail7_rw_joint_20260406.rds","done",1,1,3,TRUE
2,"dynamic::gausmix::0p25::500::default::exdqlm::mcmc::mcmc_exdqlm_rw_joint_anchor",2026032711,"pending",FALSE,"dynamic","anchor7_rw_joint",1,"mcmc_exdqlm_rw_joint_anchor","dynamic::gausmix::0p25::500::default::exdqlm::mcmc","FAIL","dynamic","gausmix",0.25,"0p25",500,"default","default","mcmc","exdqlm","mcmc::exdqlm","/home/jaguir26/local/src/exdqlm__wt__dqlm-conjugacy-cavi-gibbs/results/function_testing_20260309_dynamic_dlm_family_qspec/dlm_constV_smallW/gausmix/tau_0p25/fit_input_lastTT500/validation_dynamic_tt500","/home/jaguir26/local/src/exdqlm__wt__dqlm-conjugacy-cavi-gibbs/results/function_testing_20260309_dynamic_dlm_family_qspec/dlm_constV_smallW/gausmix/tau_0p25/fit_input_lastTT500/validation_dynamic_tt500/tables","/home/jaguir26/local/src/exdqlm__wt__dqlm-conjugacy-cavi-gibbs/tools/merge_reports/original288_dynamic_tail7_rw_configs_20260406/anchor7_rw_joint/exdqlm_gausmix_tau0p25_tt500_mcmc_exdqlm_rw_joint_anchor.rds","/home/jaguir26/local/src/exdqlm__wt__dqlm-conjugacy-cavi-gibbs/results/function_testing_20260309_dynamic_dlm_family_qspec/dlm_constV_smallW/gausmix/tau_0p25/fit_input_lastTT500/sim_output.rds","/home/jaguir26/local/src/exdqlm__wt__dqlm-conjugacy-cavi-gibbs/results/function_testing_20260309_dynamic_dlm_family_qspec/dlm_constV_smallW/gausmix/tau_0p25/fit_input_lastTT500/validation_dynamic_tt500/fits/mcmc/mcmc_exdqlm_tau_0p25_fit.rds","/home/jaguir26/local/src/exdqlm__wt__dqlm-conjugacy-cavi-gibbs/results/function_testing_20260309_dynamic_dlm_family_qspec/dlm_constV_smallW/gausmix/tau_0p25/fit_input_lastTT500/validation_dynamic_tt500/fits/mcmc/mcmc_exdqlm_tau_0p25_fit_orig288_dyn_tail7_rw_joint_20260406.rds","/home/jaguir26/local/src/exdqlm__wt__dqlm-conjugacy-cavi-gibbs/results/function_testing_20260309_dynamic_dlm_family_qspec/dlm_constV_smallW/gausmix/tau_0p25/fit_input_lastTT500/validation_dynamic_tt500/tables/method_signoff_long.csv","orig288_dyn_tail7_rw_joint_20260406",,,"new_compute_targeted","/home/jaguir26/local/src/exdqlm__wt__dqlm-conjugacy-cavi-gibbs/tools/merge_reports/original288_dynamic_tail7_rw_configs_20260406/anchor7_rw_joint/exdqlm_gausmix_tau0p25_tt500_mcmc_exdqlm_rw_joint_anchor.rds","/home/jaguir26/local/src/exdqlm__wt__dqlm-conjugacy-cavi-gibbs/results/function_testing_20260309_dynamic_dlm_family_qspec/dlm_constV_smallW/gausmix/tau_0p25/fit_input_lastTT500/validation_dynamic_tt500/fits/vb/vb_exdqlm_tau_0p25_fit.rds","New all-tail anchor in the laplace_rw corridor: use explicit healthy same-scenario VB warm starts, enable joint covariance rebuilding after burn-in, and standardize a stronger adaptive refresh schedule.",FALSE,"2026-04-06 13:52:32.869494","2026-04-06 13:59:38.387334","done",,"FAIL",FALSE,FALSE,392.689,"mcmc","exdqlm","dynamic","gausmix","0p25","/home/jaguir26/local/src/exdqlm__wt__dqlm-conjugacy-cavi-gibbs/results/function_testing_20260309_dynamic_dlm_family_qspec/dlm_constV_smallW/gausmix/tau_0p25/fit_input_lastTT500/validation_dynamic_tt500/fits/mcmc/mcmc_exdqlm_tau_0p25_fit.rds","/home/jaguir26/local/src/exdqlm__wt__dqlm-conjugacy-cavi-gibbs/results/function_testing_20260309_dynamic_dlm_family_qspec/dlm_constV_smallW/gausmix/tau_0p25/fit_input_lastTT500/validation_dynamic_tt500/fits/mcmc/mcmc_exdqlm_tau_0p25_fit_orig288_dyn_tail7_rw_joint_20260406.rds","/home/jaguir26/local/src/exdqlm__wt__dqlm-conjugacy-cavi-gibbs/tools/merge_reports/full288_original288_dynamic_tail7_rw_20260406/health/health_0002.csv","/home/jaguir26/local/src/exdqlm__wt__dqlm-conjugacy-cavi-gibbs/tools/merge_reports/full288_original288_dynamic_tail7_rw_20260406/telemetry/row_2.csv","done","dynamic","gausmix","0p25","exdqlm","mcmc","/home/jaguir26/local/src/exdqlm__wt__dqlm-conjugacy-cavi-gibbs/results/function_testing_20260309_dynamic_dlm_family_qspec/dlm_constV_smallW/gausmix/tau_0p25/fit_input_lastTT500/validation_dynamic_tt500/fits/mcmc/mcmc_exdqlm_tau_0p25_fit.rds","/home/jaguir26/local/src/exdqlm__wt__dqlm-conjugacy-cavi-gibbs/results/function_testing_20260309_dynamic_dlm_family_qspec/dlm_constV_smallW/gausmix/tau_0p25/fit_input_lastTT500/validation_dynamic_tt500/fits/mcmc/mcmc_exdqlm_tau_0p25_fit_orig288_dyn_tail7_rw_joint_20260406.rds","done",1,1,3,TRUE
3,"dynamic::laplace::0p05::500::default::exdqlm::mcmc::mcmc_exdqlm_rw_joint_anchor",2026032727,"pending",FALSE,"dynamic","anchor7_rw_joint",1,"mcmc_exdqlm_rw_joint_anchor","dynamic::laplace::0p05::500::default::exdqlm::mcmc","FAIL","dynamic","laplace",0.05,"0p05",500,"default","default","mcmc","exdqlm","mcmc::exdqlm","/home/jaguir26/local/src/exdqlm__wt__dqlm-conjugacy-cavi-gibbs/results/function_testing_20260309_dynamic_dlm_family_qspec/dlm_constV_smallW/laplace/tau_0p05/fit_input_lastTT500/validation_dynamic_tt500","/home/jaguir26/local/src/exdqlm__wt__dqlm-conjugacy-cavi-gibbs/results/function_testing_20260309_dynamic_dlm_family_qspec/dlm_constV_smallW/laplace/tau_0p05/fit_input_lastTT500/validation_dynamic_tt500/tables","/home/jaguir26/local/src/exdqlm__wt__dqlm-conjugacy-cavi-gibbs/tools/merge_reports/original288_dynamic_tail7_rw_configs_20260406/anchor7_rw_joint/exdqlm_laplace_tau0p05_tt500_mcmc_exdqlm_rw_joint_anchor.rds","/home/jaguir26/local/src/exdqlm__wt__dqlm-conjugacy-cavi-gibbs/results/function_testing_20260309_dynamic_dlm_family_qspec/dlm_constV_smallW/laplace/tau_0p05/fit_input_lastTT500/sim_output.rds","/home/jaguir26/local/src/exdqlm__wt__dqlm-conjugacy-cavi-gibbs/results/function_testing_20260309_dynamic_dlm_family_qspec/dlm_constV_smallW/laplace/tau_0p05/fit_input_lastTT500/validation_dynamic_tt500/fits/mcmc/mcmc_exdqlm_tau_0p05_fit.rds","/home/jaguir26/local/src/exdqlm__wt__dqlm-conjugacy-cavi-gibbs/results/function_testing_20260309_dynamic_dlm_family_qspec/dlm_constV_smallW/laplace/tau_0p05/fit_input_lastTT500/validation_dynamic_tt500/fits/mcmc/mcmc_exdqlm_tau_0p05_fit_orig288_dyn_tail7_rw_joint_20260406.rds","/home/jaguir26/local/src/exdqlm__wt__dqlm-conjugacy-cavi-gibbs/results/function_testing_20260309_dynamic_dlm_family_qspec/dlm_constV_smallW/laplace/tau_0p05/fit_input_lastTT500/validation_dynamic_tt500/tables/method_signoff_long.csv","orig288_dyn_tail7_rw_joint_20260406",,,"new_compute_targeted","/home/jaguir26/local/src/exdqlm__wt__dqlm-conjugacy-cavi-gibbs/tools/merge_reports/original288_dynamic_tail7_rw_configs_20260406/anchor7_rw_joint/exdqlm_laplace_tau0p05_tt500_mcmc_exdqlm_rw_joint_anchor.rds","/home/jaguir26/local/src/exdqlm__wt__dqlm-conjugacy-cavi-gibbs/results/function_testing_20260309_dynamic_dlm_family_qspec/dlm_constV_smallW/laplace/tau_0p05/fit_input_lastTT500/validation_dynamic_tt500/fits/vb/vb_exdqlm_tau_0p05_fit.rds","New all-tail anchor in the laplace_rw corridor: use explicit healthy same-scenario VB warm starts, enable joint covariance rebuilding after burn-in, and standardize a stronger adaptive refresh schedule.",FALSE,"2026-04-06 13:52:32.886841","2026-04-06 13:59:22.634541","done",,"FAIL",FALSE,FALSE,393.539,"mcmc","exdqlm","dynamic","laplace","0p05","/home/jaguir26/local/src/exdqlm__wt__dqlm-conjugacy-cavi-gibbs/results/function_testing_20260309_dynamic_dlm_family_qspec/dlm_constV_smallW/laplace/tau_0p05/fit_input_lastTT500/validation_dynamic_tt500/fits/mcmc/mcmc_exdqlm_tau_0p05_fit.rds","/home/jaguir26/local/src/exdqlm__wt__dqlm-conjugacy-cavi-gibbs/results/function_testing_20260309_dynamic_dlm_family_qspec/dlm_constV_smallW/laplace/tau_0p05/fit_input_lastTT500/validation_dynamic_tt500/fits/mcmc/mcmc_exdqlm_tau_0p05_fit_orig288_dyn_tail7_rw_joint_20260406.rds","/home/jaguir26/local/src/exdqlm__wt__dqlm-conjugacy-cavi-gibbs/tools/merge_reports/full288_original288_dynamic_tail7_rw_20260406/health/health_0003.csv","/home/jaguir26/local/src/exdqlm__wt__dqlm-conjugacy-cavi-gibbs/tools/merge_reports/full288_original288_dynamic_tail7_rw_20260406/telemetry/row_3.csv","done","dynamic","laplace","0p05","exdqlm","mcmc","/home/jaguir26/local/src/exdqlm__wt__dqlm-conjugacy-cavi-gibbs/results/function_testing_20260309_dynamic_dlm_family_qspec/dlm_constV_smallW/laplace/tau_0p05/fit_input_lastTT500/validation_dynamic_tt500/fits/mcmc/mcmc_exdqlm_tau_0p05_fit.rds","/home/jaguir26/local/src/exdqlm__wt__dqlm-conjugacy-cavi-gibbs/results/function_testing_20260309_dynamic_dlm_family_qspec/dlm_constV_smallW/laplace/tau_0p05/fit_input_lastTT500/validation_dynamic_tt500/fits/mcmc/mcmc_exdqlm_tau_0p05_fit_orig288_dyn_tail7_rw_joint_20260406.rds","done",1,1,3,TRUE
4,"dynamic::normal::0p05::500::default::exdqlm::mcmc::mcmc_exdqlm_rw_joint_anchor",2026032751,"pending",FALSE,"dynamic","anchor7_rw_joint",1,"mcmc_exdqlm_rw_joint_anchor","dynamic::normal::0p05::500::default::exdqlm::mcmc","FAIL","dynamic","normal",0.05,"0p05",500,"default","default","mcmc","exdqlm","mcmc::exdqlm","/home/jaguir26/local/src/exdqlm__wt__dqlm-conjugacy-cavi-gibbs/results/function_testing_20260309_dynamic_dlm_family_qspec/dlm_constV_smallW/normal/tau_0p05/fit_input_lastTT500/validation_dynamic_tt500","/home/jaguir26/local/src/exdqlm__wt__dqlm-conjugacy-cavi-gibbs/results/function_testing_20260309_dynamic_dlm_family_qspec/dlm_constV_smallW/normal/tau_0p05/fit_input_lastTT500/validation_dynamic_tt500/tables","/home/jaguir26/local/src/exdqlm__wt__dqlm-conjugacy-cavi-gibbs/tools/merge_reports/original288_dynamic_tail7_rw_configs_20260406/anchor7_rw_joint/exdqlm_normal_tau0p05_tt500_mcmc_exdqlm_rw_joint_anchor.rds","/home/jaguir26/local/src/exdqlm__wt__dqlm-conjugacy-cavi-gibbs/results/function_testing_20260309_dynamic_dlm_family_qspec/dlm_constV_smallW/normal/tau_0p05/fit_input_lastTT500/sim_output.rds","/home/jaguir26/local/src/exdqlm__wt__dqlm-conjugacy-cavi-gibbs/results/function_testing_20260309_dynamic_dlm_family_qspec/dlm_constV_smallW/normal/tau_0p05/fit_input_lastTT500/validation_dynamic_tt500/fits/mcmc/mcmc_exdqlm_tau_0p05_fit.rds","/home/jaguir26/local/src/exdqlm__wt__dqlm-conjugacy-cavi-gibbs/results/function_testing_20260309_dynamic_dlm_family_qspec/dlm_constV_smallW/normal/tau_0p05/fit_input_lastTT500/validation_dynamic_tt500/fits/mcmc/mcmc_exdqlm_tau_0p05_fit_orig288_dyn_tail7_rw_joint_20260406.rds","/home/jaguir26/local/src/exdqlm__wt__dqlm-conjugacy-cavi-gibbs/results/function_testing_20260309_dynamic_dlm_family_qspec/dlm_constV_smallW/normal/tau_0p05/fit_input_lastTT500/validation_dynamic_tt500/tables/method_signoff_long.csv","orig288_dyn_tail7_rw_joint_20260406",,,"new_compute_targeted","/home/jaguir26/local/src/exdqlm__wt__dqlm-conjugacy-cavi-gibbs/tools/merge_reports/original288_dynamic_tail7_rw_configs_20260406/anchor7_rw_joint/exdqlm_normal_tau0p05_tt500_mcmc_exdqlm_rw_joint_anchor.rds","/home/jaguir26/local/src/exdqlm__wt__dqlm-conjugacy-cavi-gibbs/results/function_testing_20260309_dynamic_dlm_family_qspec/dlm_constV_smallW/normal/tau_0p05/fit_input_lastTT500/validation_dynamic_tt500/fits/vb/vb_exdqlm_tau_0p05_fit.rds","New all-tail anchor in the laplace_rw corridor: use explicit healthy same-scenario VB warm starts, enable joint covariance rebuilding after burn-in, and standardize a stronger adaptive refresh schedule.",FALSE,"2026-04-06 13:52:32.88398","2026-04-06 13:59:25.087428","done",,"FAIL",FALSE,FALSE,396.481,"mcmc","exdqlm","dynamic","normal","0p05","/home/jaguir26/local/src/exdqlm__wt__dqlm-conjugacy-cavi-gibbs/results/function_testing_20260309_dynamic_dlm_family_qspec/dlm_constV_smallW/normal/tau_0p05/fit_input_lastTT500/validation_dynamic_tt500/fits/mcmc/mcmc_exdqlm_tau_0p05_fit.rds","/home/jaguir26/local/src/exdqlm__wt__dqlm-conjugacy-cavi-gibbs/results/function_testing_20260309_dynamic_dlm_family_qspec/dlm_constV_smallW/normal/tau_0p05/fit_input_lastTT500/validation_dynamic_tt500/fits/mcmc/mcmc_exdqlm_tau_0p05_fit_orig288_dyn_tail7_rw_joint_20260406.rds","/home/jaguir26/local/src/exdqlm__wt__dqlm-conjugacy-cavi-gibbs/tools/merge_reports/full288_original288_dynamic_tail7_rw_20260406/health/health_0004.csv","/home/jaguir26/local/src/exdqlm__wt__dqlm-conjugacy-cavi-gibbs/tools/merge_reports/full288_original288_dynamic_tail7_rw_20260406/telemetry/row_4.csv","done","dynamic","normal","0p05","exdqlm","mcmc","/home/jaguir26/local/src/exdqlm__wt__dqlm-conjugacy-cavi-gibbs/results/function_testing_20260309_dynamic_dlm_family_qspec/dlm_constV_smallW/normal/tau_0p05/fit_input_lastTT500/validation_dynamic_tt500/fits/mcmc/mcmc_exdqlm_tau_0p05_fit.rds","/home/jaguir26/local/src/exdqlm__wt__dqlm-conjugacy-cavi-gibbs/results/function_testing_20260309_dynamic_dlm_family_qspec/dlm_constV_smallW/normal/tau_0p05/fit_input_lastTT500/validation_dynamic_tt500/fits/mcmc/mcmc_exdqlm_tau_0p05_fit_orig288_dyn_tail7_rw_joint_20260406.rds","done",1,1,3,TRUE
5,"dynamic::gausmix::0p05::5000::default::exdqlm::mcmc::mcmc_exdqlm_rw_joint_anchor",2026032707,"pending",FALSE,"dynamic","anchor7_rw_joint",1,"mcmc_exdqlm_rw_joint_anchor","dynamic::gausmix::0p05::5000::default::exdqlm::mcmc","FAIL","dynamic","gausmix",0.05,"0p05",5000,"default","default","mcmc","exdqlm","mcmc::exdqlm","/home/jaguir26/local/src/exdqlm__wt__dqlm-conjugacy-cavi-gibbs/results/function_testing_20260309_dynamic_dlm_family_qspec/dlm_constV_smallW/gausmix/tau_0p05/fit_input_lastTT5000/validation_dynamic_tt5000","/home/jaguir26/local/src/exdqlm__wt__dqlm-conjugacy-cavi-gibbs/results/function_testing_20260309_dynamic_dlm_family_qspec/dlm_constV_smallW/gausmix/tau_0p05/fit_input_lastTT5000/validation_dynamic_tt5000/tables","/home/jaguir26/local/src/exdqlm__wt__dqlm-conjugacy-cavi-gibbs/tools/merge_reports/original288_dynamic_tail7_rw_configs_20260406/anchor7_rw_joint/exdqlm_gausmix_tau0p05_tt5000_mcmc_exdqlm_rw_joint_anchor.rds","/home/jaguir26/local/src/exdqlm__wt__dqlm-conjugacy-cavi-gibbs/results/function_testing_20260309_dynamic_dlm_family_qspec/dlm_constV_smallW/gausmix/tau_0p05/fit_input_lastTT5000/sim_output.rds","/home/jaguir26/local/src/exdqlm__wt__dqlm-conjugacy-cavi-gibbs/results/function_testing_20260309_dynamic_dlm_family_qspec/dlm_constV_smallW/gausmix/tau_0p05/fit_input_lastTT5000/validation_dynamic_tt5000/fits/mcmc/mcmc_exdqlm_tau_0p05_fit.rds","/home/jaguir26/local/src/exdqlm__wt__dqlm-conjugacy-cavi-gibbs/results/function_testing_20260309_dynamic_dlm_family_qspec/dlm_constV_smallW/gausmix/tau_0p05/fit_input_lastTT5000/validation_dynamic_tt5000/fits/mcmc/mcmc_exdqlm_tau_0p05_fit_orig288_dyn_tail7_rw_joint_20260406.rds","/home/jaguir26/local/src/exdqlm__wt__dqlm-conjugacy-cavi-gibbs/results/function_testing_20260309_dynamic_dlm_family_qspec/dlm_constV_smallW/gausmix/tau_0p05/fit_input_lastTT5000/validation_dynamic_tt5000/tables/method_signoff_long.csv","orig288_dyn_tail7_rw_joint_20260406",,,"new_compute_targeted","/home/jaguir26/local/src/exdqlm__wt__dqlm-conjugacy-cavi-gibbs/tools/merge_reports/original288_dynamic_tail7_rw_configs_20260406/anchor7_rw_joint/exdqlm_gausmix_tau0p05_tt5000_mcmc_exdqlm_rw_joint_anchor.rds","/home/jaguir26/local/src/exdqlm__wt__dqlm-conjugacy-cavi-gibbs/results/function_testing_20260309_dynamic_dlm_family_qspec/dlm_constV_smallW/gausmix/tau_0p05/fit_input_lastTT5000/validation_dynamic_tt5000/fits/vb/vb_exdqlm_tau_0p05_fit_rhsns_full_relaunch_20260327.rds","New all-tail anchor in the laplace_rw corridor: use explicit healthy same-scenario VB warm starts, enable joint covariance rebuilding after burn-in, and standardize a stronger adaptive refresh schedule.",FALSE,"2026-04-06 13:52:32.878461","2026-04-06 15:50:13.04344","done",,"FAIL",FALSE,FALSE,6886.725,"mcmc","exdqlm","dynamic","gausmix","0p05","/home/jaguir26/local/src/exdqlm__wt__dqlm-conjugacy-cavi-gibbs/results/function_testing_20260309_dynamic_dlm_family_qspec/dlm_constV_smallW/gausmix/tau_0p05/fit_input_lastTT5000/validation_dynamic_tt5000/fits/mcmc/mcmc_exdqlm_tau_0p05_fit.rds","/home/jaguir26/local/src/exdqlm__wt__dqlm-conjugacy-cavi-gibbs/results/function_testing_20260309_dynamic_dlm_family_qspec/dlm_constV_smallW/gausmix/tau_0p05/fit_input_lastTT5000/validation_dynamic_tt5000/fits/mcmc/mcmc_exdqlm_tau_0p05_fit_orig288_dyn_tail7_rw_joint_20260406.rds","/home/jaguir26/local/src/exdqlm__wt__dqlm-conjugacy-cavi-gibbs/tools/merge_reports/full288_original288_dynamic_tail7_rw_20260406/health/health_0005.csv","/home/jaguir26/local/src/exdqlm__wt__dqlm-conjugacy-cavi-gibbs/tools/merge_reports/full288_original288_dynamic_tail7_rw_20260406/telemetry/row_5.csv","done","dynamic","gausmix","0p05","exdqlm","mcmc","/home/jaguir26/local/src/exdqlm__wt__dqlm-conjugacy-cavi-gibbs/results/function_testing_20260309_dynamic_dlm_family_qspec/dlm_constV_smallW/gausmix/tau_0p05/fit_input_lastTT5000/validation_dynamic_tt5000/fits/mcmc/mcmc_exdqlm_tau_0p05_fit.rds","/home/jaguir26/local/src/exdqlm__wt__dqlm-conjugacy-cavi-gibbs/results/function_testing_20260309_dynamic_dlm_family_qspec/dlm_constV_smallW/gausmix/tau_0p05/fit_input_lastTT5000/validation_dynamic_tt5000/fits/mcmc/mcmc_exdqlm_tau_0p05_fit_orig288_dyn_tail7_rw_joint_20260406.rds","done",1,1,3,TRUE
6,"dynamic::laplace::0p05::5000::default::exdqlm::mcmc::mcmc_exdqlm_rw_joint_anchor",2026032731,"pending",FALSE,"dynamic","anchor7_rw_joint",1,"mcmc_exdqlm_rw_joint_anchor","dynamic::laplace::0p05::5000::default::exdqlm::mcmc","FAIL","dynamic","laplace",0.05,"0p05",5000,"default","default","mcmc","exdqlm","mcmc::exdqlm","/home/jaguir26/local/src/exdqlm__wt__dqlm-conjugacy-cavi-gibbs/results/function_testing_20260309_dynamic_dlm_family_qspec/dlm_constV_smallW/laplace/tau_0p05/fit_input_lastTT5000/validation_dynamic_tt5000","/home/jaguir26/local/src/exdqlm__wt__dqlm-conjugacy-cavi-gibbs/results/function_testing_20260309_dynamic_dlm_family_qspec/dlm_constV_smallW/laplace/tau_0p05/fit_input_lastTT5000/validation_dynamic_tt5000/tables","/home/jaguir26/local/src/exdqlm__wt__dqlm-conjugacy-cavi-gibbs/tools/merge_reports/original288_dynamic_tail7_rw_configs_20260406/anchor7_rw_joint/exdqlm_laplace_tau0p05_tt5000_mcmc_exdqlm_rw_joint_anchor.rds","/home/jaguir26/local/src/exdqlm__wt__dqlm-conjugacy-cavi-gibbs/results/function_testing_20260309_dynamic_dlm_family_qspec/dlm_constV_smallW/laplace/tau_0p05/fit_input_lastTT5000/sim_output.rds","/home/jaguir26/local/src/exdqlm__wt__dqlm-conjugacy-cavi-gibbs/results/function_testing_20260309_dynamic_dlm_family_qspec/dlm_constV_smallW/laplace/tau_0p05/fit_input_lastTT5000/validation_dynamic_tt5000/fits/mcmc/mcmc_exdqlm_tau_0p05_fit.rds","/home/jaguir26/local/src/exdqlm__wt__dqlm-conjugacy-cavi-gibbs/results/function_testing_20260309_dynamic_dlm_family_qspec/dlm_constV_smallW/laplace/tau_0p05/fit_input_lastTT5000/validation_dynamic_tt5000/fits/mcmc/mcmc_exdqlm_tau_0p05_fit_orig288_dyn_tail7_rw_joint_20260406.rds","/home/jaguir26/local/src/exdqlm__wt__dqlm-conjugacy-cavi-gibbs/results/function_testing_20260309_dynamic_dlm_family_qspec/dlm_constV_smallW/laplace/tau_0p05/fit_input_lastTT5000/validation_dynamic_tt5000/tables/method_signoff_long.csv","orig288_dyn_tail7_rw_joint_20260406",,,"new_compute_targeted","/home/jaguir26/local/src/exdqlm__wt__dqlm-conjugacy-cavi-gibbs/tools/merge_reports/original288_dynamic_tail7_rw_configs_20260406/anchor7_rw_joint/exdqlm_laplace_tau0p05_tt5000_mcmc_exdqlm_rw_joint_anchor.rds","/home/jaguir26/local/src/exdqlm__wt__dqlm-conjugacy-cavi-gibbs/results/function_testing_20260309_dynamic_dlm_family_qspec/dlm_constV_smallW/laplace/tau_0p05/fit_input_lastTT5000/validation_dynamic_tt5000/fits/vb/vb_exdqlm_tau_0p05_fit_rhsns_full_relaunch_20260327.rds","New all-tail anchor in the laplace_rw corridor: use explicit healthy same-scenario VB warm starts, enable joint covariance rebuilding after burn-in, and standardize a stronger adaptive refresh schedule.",FALSE,"2026-04-06 13:59:23.069304","2026-04-06 15:57:38.246504","done",,"FAIL",FALSE,FALSE,6915.827,"mcmc","exdqlm","dynamic","laplace","0p05","/home/jaguir26/local/src/exdqlm__wt__dqlm-conjugacy-cavi-gibbs/results/function_testing_20260309_dynamic_dlm_family_qspec/dlm_constV_smallW/laplace/tau_0p05/fit_input_lastTT5000/validation_dynamic_tt5000/fits/mcmc/mcmc_exdqlm_tau_0p05_fit.rds","/home/jaguir26/local/src/exdqlm__wt__dqlm-conjugacy-cavi-gibbs/results/function_testing_20260309_dynamic_dlm_family_qspec/dlm_constV_smallW/laplace/tau_0p05/fit_input_lastTT5000/validation_dynamic_tt5000/fits/mcmc/mcmc_exdqlm_tau_0p05_fit_orig288_dyn_tail7_rw_joint_20260406.rds","/home/jaguir26/local/src/exdqlm__wt__dqlm-conjugacy-cavi-gibbs/tools/merge_reports/full288_original288_dynamic_tail7_rw_20260406/health/health_0006.csv","/home/jaguir26/local/src/exdqlm__wt__dqlm-conjugacy-cavi-gibbs/tools/merge_reports/full288_original288_dynamic_tail7_rw_20260406/telemetry/row_6.csv","done","dynamic","laplace","0p05","exdqlm","mcmc","/home/jaguir26/local/src/exdqlm__wt__dqlm-conjugacy-cavi-gibbs/results/function_testing_20260309_dynamic_dlm_family_qspec/dlm_constV_smallW/laplace/tau_0p05/fit_input_lastTT5000/validation_dynamic_tt5000/fits/mcmc/mcmc_exdqlm_tau_0p05_fit.rds","/home/jaguir26/local/src/exdqlm__wt__dqlm-conjugacy-cavi-gibbs/results/function_testing_20260309_dynamic_dlm_family_qspec/dlm_constV_smallW/laplace/tau_0p05/fit_input_lastTT5000/validation_dynamic_tt5000/fits/mcmc/mcmc_exdqlm_tau_0p05_fit_orig288_dyn_tail7_rw_joint_20260406.rds","done",1,1,3,TRUE
7,"dynamic::normal::0p05::5000::default::exdqlm::mcmc::mcmc_exdqlm_rw_joint_anchor",2026032755,"pending",FALSE,"dynamic","anchor7_rw_joint",1,"mcmc_exdqlm_rw_joint_anchor","dynamic::normal::0p05::5000::default::exdqlm::mcmc","FAIL","dynamic","normal",0.05,"0p05",5000,"default","default","mcmc","exdqlm","mcmc::exdqlm","/home/jaguir26/local/src/exdqlm__wt__dqlm-conjugacy-cavi-gibbs/results/function_testing_20260309_dynamic_dlm_family_qspec/dlm_constV_smallW/normal/tau_0p05/fit_input_lastTT5000/validation_dynamic_tt5000","/home/jaguir26/local/src/exdqlm__wt__dqlm-conjugacy-cavi-gibbs/results/function_testing_20260309_dynamic_dlm_family_qspec/dlm_constV_smallW/normal/tau_0p05/fit_input_lastTT5000/validation_dynamic_tt5000/tables","/home/jaguir26/local/src/exdqlm__wt__dqlm-conjugacy-cavi-gibbs/tools/merge_reports/original288_dynamic_tail7_rw_configs_20260406/anchor7_rw_joint/exdqlm_normal_tau0p05_tt5000_mcmc_exdqlm_rw_joint_anchor.rds","/home/jaguir26/local/src/exdqlm__wt__dqlm-conjugacy-cavi-gibbs/results/function_testing_20260309_dynamic_dlm_family_qspec/dlm_constV_smallW/normal/tau_0p05/fit_input_lastTT5000/sim_output.rds","/home/jaguir26/local/src/exdqlm__wt__dqlm-conjugacy-cavi-gibbs/results/function_testing_20260309_dynamic_dlm_family_qspec/dlm_constV_smallW/normal/tau_0p05/fit_input_lastTT5000/validation_dynamic_tt5000/fits/mcmc/mcmc_exdqlm_tau_0p05_fit.rds","/home/jaguir26/local/src/exdqlm__wt__dqlm-conjugacy-cavi-gibbs/results/function_testing_20260309_dynamic_dlm_family_qspec/dlm_constV_smallW/normal/tau_0p05/fit_input_lastTT5000/validation_dynamic_tt5000/fits/mcmc/mcmc_exdqlm_tau_0p05_fit_orig288_dyn_tail7_rw_joint_20260406.rds","/home/jaguir26/local/src/exdqlm__wt__dqlm-conjugacy-cavi-gibbs/results/function_testing_20260309_dynamic_dlm_family_qspec/dlm_constV_smallW/normal/tau_0p05/fit_input_lastTT5000/validation_dynamic_tt5000/tables/method_signoff_long.csv","orig288_dyn_tail7_rw_joint_20260406",,,"new_compute_targeted","/home/jaguir26/local/src/exdqlm__wt__dqlm-conjugacy-cavi-gibbs/tools/merge_reports/original288_dynamic_tail7_rw_configs_20260406/anchor7_rw_joint/exdqlm_normal_tau0p05_tt5000_mcmc_exdqlm_rw_joint_anchor.rds","/home/jaguir26/local/src/exdqlm__wt__dqlm-conjugacy-cavi-gibbs/results/function_testing_20260309_dynamic_dlm_family_qspec/dlm_constV_smallW/normal/tau_0p05/fit_input_lastTT5000/validation_dynamic_tt5000/fits/vb/vb_exdqlm_tau_0p05_fit.rds","New all-tail anchor in the laplace_rw corridor: use explicit healthy same-scenario VB warm starts, enable joint covariance rebuilding after burn-in, and standardize a stronger adaptive refresh schedule.",FALSE,"2026-04-06 13:59:25.529289","2026-04-06 14:06:22.906993","failed_runtime","missing value where TRUE/FALSE needed","FAIL",FALSE,,,"mcmc","exdqlm","dynamic","normal","0p05","/home/jaguir26/local/src/exdqlm__wt__dqlm-conjugacy-cavi-gibbs/results/function_testing_20260309_dynamic_dlm_family_qspec/dlm_constV_smallW/normal/tau_0p05/fit_input_lastTT5000/validation_dynamic_tt5000/fits/mcmc/mcmc_exdqlm_tau_0p05_fit.rds","/home/jaguir26/local/src/exdqlm__wt__dqlm-conjugacy-cavi-gibbs/results/function_testing_20260309_dynamic_dlm_family_qspec/dlm_constV_smallW/normal/tau_0p05/fit_input_lastTT5000/validation_dynamic_tt5000/fits/mcmc/mcmc_exdqlm_tau_0p05_fit_orig288_dyn_tail7_rw_joint_20260406.rds","/home/jaguir26/local/src/exdqlm__wt__dqlm-conjugacy-cavi-gibbs/tools/merge_reports/full288_original288_dynamic_tail7_rw_20260406/health/health_0007.csv","/home/jaguir26/local/src/exdqlm__wt__dqlm-conjugacy-cavi-gibbs/tools/merge_reports/full288_original288_dynamic_tail7_rw_20260406/telemetry/row_7.csv","failed_runtime","dynamic","normal","0p05","exdqlm","mcmc","/home/jaguir26/local/src/exdqlm__wt__dqlm-conjugacy-cavi-gibbs/results/function_testing_20260309_dynamic_dlm_family_qspec/dlm_constV_smallW/normal/tau_0p05/fit_input_lastTT5000/validation_dynamic_tt5000/fits/mcmc/mcmc_exdqlm_tau_0p05_fit.rds","/home/jaguir26/local/src/exdqlm__wt__dqlm-conjugacy-cavi-gibbs/results/function_testing_20260309_dynamic_dlm_family_qspec/dlm_constV_smallW/normal/tau_0p05/fit_input_lastTT5000/validation_dynamic_tt5000/fits/mcmc/mcmc_exdqlm_tau_0p05_fit_orig288_dyn_tail7_rw_joint_20260406.rds","failed_runtime",1,1,3,TRUE
8,"dynamic::gausmix::0p05::500::default::exdqlm::mcmc::mcmc_exdqlm_rw_refresh_tt500",2026032703,"pending",FALSE,"dynamic","tt500_rw_refresh4",2,"mcmc_exdqlm_rw_refresh_tt500","dynamic::gausmix::0p05::500::default::exdqlm::mcmc","FAIL","dynamic","gausmix",0.05,"0p05",500,"default","default","mcmc","exdqlm","mcmc::exdqlm","/home/jaguir26/local/src/exdqlm__wt__dqlm-conjugacy-cavi-gibbs/results/function_testing_20260309_dynamic_dlm_family_qspec/dlm_constV_smallW/gausmix/tau_0p05/fit_input_lastTT500/validation_dynamic_tt500","/home/jaguir26/local/src/exdqlm__wt__dqlm-conjugacy-cavi-gibbs/results/function_testing_20260309_dynamic_dlm_family_qspec/dlm_constV_smallW/gausmix/tau_0p05/fit_input_lastTT500/validation_dynamic_tt500/tables","/home/jaguir26/local/src/exdqlm__wt__dqlm-conjugacy-cavi-gibbs/tools/merge_reports/original288_dynamic_tail7_rw_configs_20260406/tt500_rw_refresh4/exdqlm_gausmix_tau0p05_tt500_mcmc_exdqlm_rw_refresh_tt500.rds","/home/jaguir26/local/src/exdqlm__wt__dqlm-conjugacy-cavi-gibbs/results/function_testing_20260309_dynamic_dlm_family_qspec/dlm_constV_smallW/gausmix/tau_0p05/fit_input_lastTT500/sim_output.rds","/home/jaguir26/local/src/exdqlm__wt__dqlm-conjugacy-cavi-gibbs/results/function_testing_20260309_dynamic_dlm_family_qspec/dlm_constV_smallW/gausmix/tau_0p05/fit_input_lastTT500/validation_dynamic_tt500/fits/mcmc/mcmc_exdqlm_tau_0p05_fit.rds","/home/jaguir26/local/src/exdqlm__wt__dqlm-conjugacy-cavi-gibbs/results/function_testing_20260309_dynamic_dlm_family_qspec/dlm_constV_smallW/gausmix/tau_0p05/fit_input_lastTT500/validation_dynamic_tt500/fits/mcmc/mcmc_exdqlm_tau_0p05_fit_orig288_dyn_tail7_rw_refresh4_20260406.rds","/home/jaguir26/local/src/exdqlm__wt__dqlm-conjugacy-cavi-gibbs/results/function_testing_20260309_dynamic_dlm_family_qspec/dlm_constV_smallW/gausmix/tau_0p05/fit_input_lastTT500/validation_dynamic_tt500/tables/method_signoff_long.csv","orig288_dyn_tail7_rw_refresh4_20260406",,,"new_compute_targeted","/home/jaguir26/local/src/exdqlm__wt__dqlm-conjugacy-cavi-gibbs/tools/merge_reports/original288_dynamic_tail7_rw_configs_20260406/tt500_rw_refresh4/exdqlm_gausmix_tau0p05_tt500_mcmc_exdqlm_rw_refresh_tt500.rds","/home/jaguir26/local/src/exdqlm__wt__dqlm-conjugacy-cavi-gibbs/results/function_testing_20260309_dynamic_dlm_family_qspec/dlm_constV_smallW/gausmix/tau_0p05/fit_input_lastTT500/validation_dynamic_tt500/fits/vb/vb_exdqlm_tau_0p05_fit.rds","Short-horizon focused follow-up: keep laplace_rw plus joint-sample rebuilding, but refresh the proposal earlier and more aggressively on the four TT500 cases where mixing-limited failures still look most salvageable.",FALSE,"2026-04-06 15:57:39.719225","2026-04-06 16:13:53.748752","done",,"WARN",TRUE,FALSE,936.98,"mcmc","exdqlm","dynamic","gausmix","0p05","/home/jaguir26/local/src/exdqlm__wt__dqlm-conjugacy-cavi-gibbs/results/function_testing_20260309_dynamic_dlm_family_qspec/dlm_constV_smallW/gausmix/tau_0p05/fit_input_lastTT500/validation_dynamic_tt500/fits/mcmc/mcmc_exdqlm_tau_0p05_fit.rds","/home/jaguir26/local/src/exdqlm__wt__dqlm-conjugacy-cavi-gibbs/results/function_testing_20260309_dynamic_dlm_family_qspec/dlm_constV_smallW/gausmix/tau_0p05/fit_input_lastTT500/validation_dynamic_tt500/fits/mcmc/mcmc_exdqlm_tau_0p05_fit_orig288_dyn_tail7_rw_refresh4_20260406.rds","/home/jaguir26/local/src/exdqlm__wt__dqlm-conjugacy-cavi-gibbs/tools/merge_reports/full288_original288_dynamic_tail7_rw_20260406/health/health_0008.csv","/home/jaguir26/local/src/exdqlm__wt__dqlm-conjugacy-cavi-gibbs/tools/merge_reports/full288_original288_dynamic_tail7_rw_20260406/telemetry/row_8.csv","done","dynamic","gausmix","0p05","exdqlm","mcmc","/home/jaguir26/local/src/exdqlm__wt__dqlm-conjugacy-cavi-gibbs/results/function_testing_20260309_dynamic_dlm_family_qspec/dlm_constV_smallW/gausmix/tau_0p05/fit_input_lastTT500/validation_dynamic_tt500/fits/mcmc/mcmc_exdqlm_tau_0p05_fit.rds","/home/jaguir26/local/src/exdqlm__wt__dqlm-conjugacy-cavi-gibbs/results/function_testing_20260309_dynamic_dlm_family_qspec/dlm_constV_smallW/gausmix/tau_0p05/fit_input_lastTT500/validation_dynamic_tt500/fits/mcmc/mcmc_exdqlm_tau_0p05_fit_orig288_dyn_tail7_rw_refresh4_20260406.rds","done",2,1,2,TRUE
9,"dynamic::gausmix::0p25::500::default::exdqlm::mcmc::mcmc_exdqlm_rw_refresh_tt500",2026032711,"pending",FALSE,"dynamic","tt500_rw_refresh4",2,"mcmc_exdqlm_rw_refresh_tt500","dynamic::gausmix::0p25::500::default::exdqlm::mcmc","FAIL","dynamic","gausmix",0.25,"0p25",500,"default","default","mcmc","exdqlm","mcmc::exdqlm","/home/jaguir26/local/src/exdqlm__wt__dqlm-conjugacy-cavi-gibbs/results/function_testing_20260309_dynamic_dlm_family_qspec/dlm_constV_smallW/gausmix/tau_0p25/fit_input_lastTT500/validation_dynamic_tt500","/home/jaguir26/local/src/exdqlm__wt__dqlm-conjugacy-cavi-gibbs/results/function_testing_20260309_dynamic_dlm_family_qspec/dlm_constV_smallW/gausmix/tau_0p25/fit_input_lastTT500/validation_dynamic_tt500/tables","/home/jaguir26/local/src/exdqlm__wt__dqlm-conjugacy-cavi-gibbs/tools/merge_reports/original288_dynamic_tail7_rw_configs_20260406/tt500_rw_refresh4/exdqlm_gausmix_tau0p25_tt500_mcmc_exdqlm_rw_refresh_tt500.rds","/home/jaguir26/local/src/exdqlm__wt__dqlm-conjugacy-cavi-gibbs/results/function_testing_20260309_dynamic_dlm_family_qspec/dlm_constV_smallW/gausmix/tau_0p25/fit_input_lastTT500/sim_output.rds","/home/jaguir26/local/src/exdqlm__wt__dqlm-conjugacy-cavi-gibbs/results/function_testing_20260309_dynamic_dlm_family_qspec/dlm_constV_smallW/gausmix/tau_0p25/fit_input_lastTT500/validation_dynamic_tt500/fits/mcmc/mcmc_exdqlm_tau_0p25_fit.rds","/home/jaguir26/local/src/exdqlm__wt__dqlm-conjugacy-cavi-gibbs/results/function_testing_20260309_dynamic_dlm_family_qspec/dlm_constV_smallW/gausmix/tau_0p25/fit_input_lastTT500/validation_dynamic_tt500/fits/mcmc/mcmc_exdqlm_tau_0p25_fit_orig288_dyn_tail7_rw_refresh4_20260406.rds","/home/jaguir26/local/src/exdqlm__wt__dqlm-conjugacy-cavi-gibbs/results/function_testing_20260309_dynamic_dlm_family_qspec/dlm_constV_smallW/gausmix/tau_0p25/fit_input_lastTT500/validation_dynamic_tt500/tables/method_signoff_long.csv","orig288_dyn_tail7_rw_refresh4_20260406",,,"new_compute_targeted","/home/jaguir26/local/src/exdqlm__wt__dqlm-conjugacy-cavi-gibbs/tools/merge_reports/original288_dynamic_tail7_rw_configs_20260406/tt500_rw_refresh4/exdqlm_gausmix_tau0p25_tt500_mcmc_exdqlm_rw_refresh_tt500.rds","/home/jaguir26/local/src/exdqlm__wt__dqlm-conjugacy-cavi-gibbs/results/function_testing_20260309_dynamic_dlm_family_qspec/dlm_constV_smallW/gausmix/tau_0p25/fit_input_lastTT500/validation_dynamic_tt500/fits/vb/vb_exdqlm_tau_0p25_fit.rds","Short-horizon focused follow-up: keep laplace_rw plus joint-sample rebuilding, but refresh the proposal earlier and more aggressively on the four TT500 cases where mixing-limited failures still look most salvageable.",FALSE,"2026-04-06 15:57:39.719224","2026-04-06 16:13:44.307426","done",,"FAIL",FALSE,FALSE,927.44,"mcmc","exdqlm","dynamic","gausmix","0p25","/home/jaguir26/local/src/exdqlm__wt__dqlm-conjugacy-cavi-gibbs/results/function_testing_20260309_dynamic_dlm_family_qspec/dlm_constV_smallW/gausmix/tau_0p25/fit_input_lastTT500/validation_dynamic_tt500/fits/mcmc/mcmc_exdqlm_tau_0p25_fit.rds","/home/jaguir26/local/src/exdqlm__wt__dqlm-conjugacy-cavi-gibbs/results/function_testing_20260309_dynamic_dlm_family_qspec/dlm_constV_smallW/gausmix/tau_0p25/fit_input_lastTT500/validation_dynamic_tt500/fits/mcmc/mcmc_exdqlm_tau_0p25_fit_orig288_dyn_tail7_rw_refresh4_20260406.rds","/home/jaguir26/local/src/exdqlm__wt__dqlm-conjugacy-cavi-gibbs/tools/merge_reports/full288_original288_dynamic_tail7_rw_20260406/health/health_0009.csv","/home/jaguir26/local/src/exdqlm__wt__dqlm-conjugacy-cavi-gibbs/tools/merge_reports/full288_original288_dynamic_tail7_rw_20260406/telemetry/row_9.csv","done","dynamic","gausmix","0p25","exdqlm","mcmc","/home/jaguir26/local/src/exdqlm__wt__dqlm-conjugacy-cavi-gibbs/results/function_testing_20260309_dynamic_dlm_family_qspec/dlm_constV_smallW/gausmix/tau_0p25/fit_input_lastTT500/validation_dynamic_tt500/fits/mcmc/mcmc_exdqlm_tau_0p25_fit.rds","/home/jaguir26/local/src/exdqlm__wt__dqlm-conjugacy-cavi-gibbs/results/function_testing_20260309_dynamic_dlm_family_qspec/dlm_constV_smallW/gausmix/tau_0p25/fit_input_lastTT500/validation_dynamic_tt500/fits/mcmc/mcmc_exdqlm_tau_0p25_fit_orig288_dyn_tail7_rw_refresh4_20260406.rds","done",1,1,2,TRUE
10,"dynamic::laplace::0p05::500::default::exdqlm::mcmc::mcmc_exdqlm_rw_refresh_tt500",2026032727,"pending",FALSE,"dynamic","tt500_rw_refresh4",2,"mcmc_exdqlm_rw_refresh_tt500","dynamic::laplace::0p05::500::default::exdqlm::mcmc","FAIL","dynamic","laplace",0.05,"0p05",500,"default","default","mcmc","exdqlm","mcmc::exdqlm","/home/jaguir26/local/src/exdqlm__wt__dqlm-conjugacy-cavi-gibbs/results/function_testing_20260309_dynamic_dlm_family_qspec/dlm_constV_smallW/laplace/tau_0p05/fit_input_lastTT500/validation_dynamic_tt500","/home/jaguir26/local/src/exdqlm__wt__dqlm-conjugacy-cavi-gibbs/results/function_testing_20260309_dynamic_dlm_family_qspec/dlm_constV_smallW/laplace/tau_0p05/fit_input_lastTT500/validation_dynamic_tt500/tables","/home/jaguir26/local/src/exdqlm__wt__dqlm-conjugacy-cavi-gibbs/tools/merge_reports/original288_dynamic_tail7_rw_configs_20260406/tt500_rw_refresh4/exdqlm_laplace_tau0p05_tt500_mcmc_exdqlm_rw_refresh_tt500.rds","/home/jaguir26/local/src/exdqlm__wt__dqlm-conjugacy-cavi-gibbs/results/function_testing_20260309_dynamic_dlm_family_qspec/dlm_constV_smallW/laplace/tau_0p05/fit_input_lastTT500/sim_output.rds","/home/jaguir26/local/src/exdqlm__wt__dqlm-conjugacy-cavi-gibbs/results/function_testing_20260309_dynamic_dlm_family_qspec/dlm_constV_smallW/laplace/tau_0p05/fit_input_lastTT500/validation_dynamic_tt500/fits/mcmc/mcmc_exdqlm_tau_0p05_fit.rds","/home/jaguir26/local/src/exdqlm__wt__dqlm-conjugacy-cavi-gibbs/results/function_testing_20260309_dynamic_dlm_family_qspec/dlm_constV_smallW/laplace/tau_0p05/fit_input_lastTT500/validation_dynamic_tt500/fits/mcmc/mcmc_exdqlm_tau_0p05_fit_orig288_dyn_tail7_rw_refresh4_20260406.rds","/home/jaguir26/local/src/exdqlm__wt__dqlm-conjugacy-cavi-gibbs/results/function_testing_20260309_dynamic_dlm_family_qspec/dlm_constV_smallW/laplace/tau_0p05/fit_input_lastTT500/validation_dynamic_tt500/tables/method_signoff_long.csv","orig288_dyn_tail7_rw_refresh4_20260406",,,"new_compute_targeted","/home/jaguir26/local/src/exdqlm__wt__dqlm-conjugacy-cavi-gibbs/tools/merge_reports/original288_dynamic_tail7_rw_configs_20260406/tt500_rw_refresh4/exdqlm_laplace_tau0p05_tt500_mcmc_exdqlm_rw_refresh_tt500.rds","/home/jaguir26/local/src/exdqlm__wt__dqlm-conjugacy-cavi-gibbs/results/function_testing_20260309_dynamic_dlm_family_qspec/dlm_constV_smallW/laplace/tau_0p05/fit_input_lastTT500/validation_dynamic_tt500/fits/vb/vb_exdqlm_tau_0p05_fit.rds","Short-horizon focused follow-up: keep laplace_rw plus joint-sample rebuilding, but refresh the proposal earlier and more aggressively on the four TT500 cases where mixing-limited failures still look most salvageable.",FALSE,"2026-04-06 15:57:39.694521","2026-04-06 16:13:41.743048","done",,"FAIL",FALSE,FALSE,941.853,"mcmc","exdqlm","dynamic","laplace","0p05","/home/jaguir26/local/src/exdqlm__wt__dqlm-conjugacy-cavi-gibbs/results/function_testing_20260309_dynamic_dlm_family_qspec/dlm_constV_smallW/laplace/tau_0p05/fit_input_lastTT500/validation_dynamic_tt500/fits/mcmc/mcmc_exdqlm_tau_0p05_fit.rds","/home/jaguir26/local/src/exdqlm__wt__dqlm-conjugacy-cavi-gibbs/results/function_testing_20260309_dynamic_dlm_family_qspec/dlm_constV_smallW/laplace/tau_0p05/fit_input_lastTT500/validation_dynamic_tt500/fits/mcmc/mcmc_exdqlm_tau_0p05_fit_orig288_dyn_tail7_rw_refresh4_20260406.rds","/home/jaguir26/local/src/exdqlm__wt__dqlm-conjugacy-cavi-gibbs/tools/merge_reports/full288_original288_dynamic_tail7_rw_20260406/health/health_0010.csv","/home/jaguir26/local/src/exdqlm__wt__dqlm-conjugacy-cavi-gibbs/tools/merge_reports/full288_original288_dynamic_tail7_rw_20260406/telemetry/row_10.csv","done","dynamic","laplace","0p05","exdqlm","mcmc","/home/jaguir26/local/src/exdqlm__wt__dqlm-conjugacy-cavi-gibbs/results/function_testing_20260309_dynamic_dlm_family_qspec/dlm_constV_smallW/laplace/tau_0p05/fit_input_lastTT500/validation_dynamic_tt500/fits/mcmc/mcmc_exdqlm_tau_0p05_fit.rds","/home/jaguir26/local/src/exdqlm__wt__dqlm-conjugacy-cavi-gibbs/results/function_testing_20260309_dynamic_dlm_family_qspec/dlm_constV_smallW/laplace/tau_0p05/fit_input_lastTT500/validation_dynamic_tt500/fits/mcmc/mcmc_exdqlm_tau_0p05_fit_orig288_dyn_tail7_rw_refresh4_20260406.rds","done",1,1,2,TRUE
11,"dynamic::normal::0p05::500::default::exdqlm::mcmc::mcmc_exdqlm_rw_refresh_tt500",2026032751,"pending",FALSE,"dynamic","tt500_rw_refresh4",2,"mcmc_exdqlm_rw_refresh_tt500","dynamic::normal::0p05::500::default::exdqlm::mcmc","FAIL","dynamic","normal",0.05,"0p05",500,"default","default","mcmc","exdqlm","mcmc::exdqlm","/home/jaguir26/local/src/exdqlm__wt__dqlm-conjugacy-cavi-gibbs/results/function_testing_20260309_dynamic_dlm_family_qspec/dlm_constV_smallW/normal/tau_0p05/fit_input_lastTT500/validation_dynamic_tt500","/home/jaguir26/local/src/exdqlm__wt__dqlm-conjugacy-cavi-gibbs/results/function_testing_20260309_dynamic_dlm_family_qspec/dlm_constV_smallW/normal/tau_0p05/fit_input_lastTT500/validation_dynamic_tt500/tables","/home/jaguir26/local/src/exdqlm__wt__dqlm-conjugacy-cavi-gibbs/tools/merge_reports/original288_dynamic_tail7_rw_configs_20260406/tt500_rw_refresh4/exdqlm_normal_tau0p05_tt500_mcmc_exdqlm_rw_refresh_tt500.rds","/home/jaguir26/local/src/exdqlm__wt__dqlm-conjugacy-cavi-gibbs/results/function_testing_20260309_dynamic_dlm_family_qspec/dlm_constV_smallW/normal/tau_0p05/fit_input_lastTT500/sim_output.rds","/home/jaguir26/local/src/exdqlm__wt__dqlm-conjugacy-cavi-gibbs/results/function_testing_20260309_dynamic_dlm_family_qspec/dlm_constV_smallW/normal/tau_0p05/fit_input_lastTT500/validation_dynamic_tt500/fits/mcmc/mcmc_exdqlm_tau_0p05_fit.rds","/home/jaguir26/local/src/exdqlm__wt__dqlm-conjugacy-cavi-gibbs/results/function_testing_20260309_dynamic_dlm_family_qspec/dlm_constV_smallW/normal/tau_0p05/fit_input_lastTT500/validation_dynamic_tt500/fits/mcmc/mcmc_exdqlm_tau_0p05_fit_orig288_dyn_tail7_rw_refresh4_20260406.rds","/home/jaguir26/local/src/exdqlm__wt__dqlm-conjugacy-cavi-gibbs/results/function_testing_20260309_dynamic_dlm_family_qspec/dlm_constV_smallW/normal/tau_0p05/fit_input_lastTT500/validation_dynamic_tt500/tables/method_signoff_long.csv","orig288_dyn_tail7_rw_refresh4_20260406",,,"new_compute_targeted","/home/jaguir26/local/src/exdqlm__wt__dqlm-conjugacy-cavi-gibbs/tools/merge_reports/original288_dynamic_tail7_rw_configs_20260406/tt500_rw_refresh4/exdqlm_normal_tau0p05_tt500_mcmc_exdqlm_rw_refresh_tt500.rds","/home/jaguir26/local/src/exdqlm__wt__dqlm-conjugacy-cavi-gibbs/results/function_testing_20260309_dynamic_dlm_family_qspec/dlm_constV_smallW/normal/tau_0p05/fit_input_lastTT500/validation_dynamic_tt500/fits/vb/vb_exdqlm_tau_0p05_fit.rds","Short-horizon focused follow-up: keep laplace_rw plus joint-sample rebuilding, but refresh the proposal earlier and more aggressively on the four TT500 cases where mixing-limited failures still look most salvageable.",FALSE,"2026-04-06 15:57:39.6963","2026-04-06 16:13:23.386879","done",,"FAIL",FALSE,FALSE,923.636,"mcmc","exdqlm","dynamic","normal","0p05","/home/jaguir26/local/src/exdqlm__wt__dqlm-conjugacy-cavi-gibbs/results/function_testing_20260309_dynamic_dlm_family_qspec/dlm_constV_smallW/normal/tau_0p05/fit_input_lastTT500/validation_dynamic_tt500/fits/mcmc/mcmc_exdqlm_tau_0p05_fit.rds","/home/jaguir26/local/src/exdqlm__wt__dqlm-conjugacy-cavi-gibbs/results/function_testing_20260309_dynamic_dlm_family_qspec/dlm_constV_smallW/normal/tau_0p05/fit_input_lastTT500/validation_dynamic_tt500/fits/mcmc/mcmc_exdqlm_tau_0p05_fit_orig288_dyn_tail7_rw_refresh4_20260406.rds","/home/jaguir26/local/src/exdqlm__wt__dqlm-conjugacy-cavi-gibbs/tools/merge_reports/full288_original288_dynamic_tail7_rw_20260406/health/health_0011.csv","/home/jaguir26/local/src/exdqlm__wt__dqlm-conjugacy-cavi-gibbs/tools/merge_reports/full288_original288_dynamic_tail7_rw_20260406/telemetry/row_11.csv","done","dynamic","normal","0p05","exdqlm","mcmc","/home/jaguir26/local/src/exdqlm__wt__dqlm-conjugacy-cavi-gibbs/results/function_testing_20260309_dynamic_dlm_family_qspec/dlm_constV_smallW/normal/tau_0p05/fit_input_lastTT500/validation_dynamic_tt500/fits/mcmc/mcmc_exdqlm_tau_0p05_fit.rds","/home/jaguir26/local/src/exdqlm__wt__dqlm-conjugacy-cavi-gibbs/results/function_testing_20260309_dynamic_dlm_family_qspec/dlm_constV_smallW/normal/tau_0p05/fit_input_lastTT500/validation_dynamic_tt500/fits/mcmc/mcmc_exdqlm_tau_0p05_fit_orig288_dyn_tail7_rw_refresh4_20260406.rds","done",1,1,2,TRUE
12,"dynamic::gausmix::0p05::5000::default::exdqlm::mcmc::mcmc_exdqlm_rw_joint_tt5000_long",2026032707,"pending",FALSE,"dynamic","tt5000_rw_joint_long3",3,"mcmc_exdqlm_rw_joint_tt5000_long","dynamic::gausmix::0p05::5000::default::exdqlm::mcmc","FAIL","dynamic","gausmix",0.05,"0p05",5000,"default","default","mcmc","exdqlm","mcmc::exdqlm","/home/jaguir26/local/src/exdqlm__wt__dqlm-conjugacy-cavi-gibbs/results/function_testing_20260309_dynamic_dlm_family_qspec/dlm_constV_smallW/gausmix/tau_0p05/fit_input_lastTT5000/validation_dynamic_tt5000","/home/jaguir26/local/src/exdqlm__wt__dqlm-conjugacy-cavi-gibbs/results/function_testing_20260309_dynamic_dlm_family_qspec/dlm_constV_smallW/gausmix/tau_0p05/fit_input_lastTT5000/validation_dynamic_tt5000/tables","/home/jaguir26/local/src/exdqlm__wt__dqlm-conjugacy-cavi-gibbs/tools/merge_reports/original288_dynamic_tail7_rw_configs_20260406/tt5000_rw_joint_long3/exdqlm_gausmix_tau0p05_tt5000_mcmc_exdqlm_rw_joint_tt5000_long.rds","/home/jaguir26/local/src/exdqlm__wt__dqlm-conjugacy-cavi-gibbs/results/function_testing_20260309_dynamic_dlm_family_qspec/dlm_constV_smallW/gausmix/tau_0p05/fit_input_lastTT5000/sim_output.rds","/home/jaguir26/local/src/exdqlm__wt__dqlm-conjugacy-cavi-gibbs/results/function_testing_20260309_dynamic_dlm_family_qspec/dlm_constV_smallW/gausmix/tau_0p05/fit_input_lastTT5000/validation_dynamic_tt5000/fits/mcmc/mcmc_exdqlm_tau_0p05_fit.rds","/home/jaguir26/local/src/exdqlm__wt__dqlm-conjugacy-cavi-gibbs/results/function_testing_20260309_dynamic_dlm_family_qspec/dlm_constV_smallW/gausmix/tau_0p05/fit_input_lastTT5000/validation_dynamic_tt5000/fits/mcmc/mcmc_exdqlm_tau_0p05_fit_orig288_dyn_tail7_rw_joint_long3_20260406.rds","/home/jaguir26/local/src/exdqlm__wt__dqlm-conjugacy-cavi-gibbs/results/function_testing_20260309_dynamic_dlm_family_qspec/dlm_constV_smallW/gausmix/tau_0p05/fit_input_lastTT5000/validation_dynamic_tt5000/tables/method_signoff_long.csv","orig288_dyn_tail7_rw_joint_long3_20260406",,,"new_compute_targeted","/home/jaguir26/local/src/exdqlm__wt__dqlm-conjugacy-cavi-gibbs/tools/merge_reports/original288_dynamic_tail7_rw_configs_20260406/tt5000_rw_joint_long3/exdqlm_gausmix_tau0p05_tt5000_mcmc_exdqlm_rw_joint_tt5000_long.rds","/home/jaguir26/local/src/exdqlm__wt__dqlm-conjugacy-cavi-gibbs/results/function_testing_20260309_dynamic_dlm_family_qspec/dlm_constV_smallW/gausmix/tau_0p05/fit_input_lastTT5000/validation_dynamic_tt5000/fits/vb/vb_exdqlm_tau_0p05_fit_rhsns_full_relaunch_20260327.rds","Long-horizon follow-up: retain the joint laplace_rw corridor and raise the runtime budget on TT5000 cases where the remaining issue looks more like post-burn mixing debt than an outright invalid fit.",FALSE,"2026-04-06 16:13:55.337844","2026-04-06 19:07:40.404907","done",,"FAIL",FALSE,FALSE,10173.784,"mcmc","exdqlm","dynamic","gausmix","0p05","/home/jaguir26/local/src/exdqlm__wt__dqlm-conjugacy-cavi-gibbs/results/function_testing_20260309_dynamic_dlm_family_qspec/dlm_constV_smallW/gausmix/tau_0p05/fit_input_lastTT5000/validation_dynamic_tt5000/fits/mcmc/mcmc_exdqlm_tau_0p05_fit.rds","/home/jaguir26/local/src/exdqlm__wt__dqlm-conjugacy-cavi-gibbs/results/function_testing_20260309_dynamic_dlm_family_qspec/dlm_constV_smallW/gausmix/tau_0p05/fit_input_lastTT5000/validation_dynamic_tt5000/fits/mcmc/mcmc_exdqlm_tau_0p05_fit_orig288_dyn_tail7_rw_joint_long3_20260406.rds","/home/jaguir26/local/src/exdqlm__wt__dqlm-conjugacy-cavi-gibbs/tools/merge_reports/full288_original288_dynamic_tail7_rw_20260406/health/health_0012.csv","/home/jaguir26/local/src/exdqlm__wt__dqlm-conjugacy-cavi-gibbs/tools/merge_reports/full288_original288_dynamic_tail7_rw_20260406/telemetry/row_12.csv","done","dynamic","gausmix","0p05","exdqlm","mcmc","/home/jaguir26/local/src/exdqlm__wt__dqlm-conjugacy-cavi-gibbs/results/function_testing_20260309_dynamic_dlm_family_qspec/dlm_constV_smallW/gausmix/tau_0p05/fit_input_lastTT5000/validation_dynamic_tt5000/fits/mcmc/mcmc_exdqlm_tau_0p05_fit.rds","/home/jaguir26/local/src/exdqlm__wt__dqlm-conjugacy-cavi-gibbs/results/function_testing_20260309_dynamic_dlm_family_qspec/dlm_constV_smallW/gausmix/tau_0p05/fit_input_lastTT5000/validation_dynamic_tt5000/fits/mcmc/mcmc_exdqlm_tau_0p05_fit_orig288_dyn_tail7_rw_joint_long3_20260406.rds","done",1,1,1,TRUE
13,"dynamic::laplace::0p05::5000::default::exdqlm::mcmc::mcmc_exdqlm_rw_joint_tt5000_long",2026032731,"pending",FALSE,"dynamic","tt5000_rw_joint_long3",3,"mcmc_exdqlm_rw_joint_tt5000_long","dynamic::laplace::0p05::5000::default::exdqlm::mcmc","FAIL","dynamic","laplace",0.05,"0p05",5000,"default","default","mcmc","exdqlm","mcmc::exdqlm","/home/jaguir26/local/src/exdqlm__wt__dqlm-conjugacy-cavi-gibbs/results/function_testing_20260309_dynamic_dlm_family_qspec/dlm_constV_smallW/laplace/tau_0p05/fit_input_lastTT5000/validation_dynamic_tt5000","/home/jaguir26/local/src/exdqlm__wt__dqlm-conjugacy-cavi-gibbs/results/function_testing_20260309_dynamic_dlm_family_qspec/dlm_constV_smallW/laplace/tau_0p05/fit_input_lastTT5000/validation_dynamic_tt5000/tables","/home/jaguir26/local/src/exdqlm__wt__dqlm-conjugacy-cavi-gibbs/tools/merge_reports/original288_dynamic_tail7_rw_configs_20260406/tt5000_rw_joint_long3/exdqlm_laplace_tau0p05_tt5000_mcmc_exdqlm_rw_joint_tt5000_long.rds","/home/jaguir26/local/src/exdqlm__wt__dqlm-conjugacy-cavi-gibbs/results/function_testing_20260309_dynamic_dlm_family_qspec/dlm_constV_smallW/laplace/tau_0p05/fit_input_lastTT5000/sim_output.rds","/home/jaguir26/local/src/exdqlm__wt__dqlm-conjugacy-cavi-gibbs/results/function_testing_20260309_dynamic_dlm_family_qspec/dlm_constV_smallW/laplace/tau_0p05/fit_input_lastTT5000/validation_dynamic_tt5000/fits/mcmc/mcmc_exdqlm_tau_0p05_fit.rds","/home/jaguir26/local/src/exdqlm__wt__dqlm-conjugacy-cavi-gibbs/results/function_testing_20260309_dynamic_dlm_family_qspec/dlm_constV_smallW/laplace/tau_0p05/fit_input_lastTT5000/validation_dynamic_tt5000/fits/mcmc/mcmc_exdqlm_tau_0p05_fit_orig288_dyn_tail7_rw_joint_long3_20260406.rds","/home/jaguir26/local/src/exdqlm__wt__dqlm-conjugacy-cavi-gibbs/results/function_testing_20260309_dynamic_dlm_family_qspec/dlm_constV_smallW/laplace/tau_0p05/fit_input_lastTT5000/validation_dynamic_tt5000/tables/method_signoff_long.csv","orig288_dyn_tail7_rw_joint_long3_20260406",,,"new_compute_targeted","/home/jaguir26/local/src/exdqlm__wt__dqlm-conjugacy-cavi-gibbs/tools/merge_reports/original288_dynamic_tail7_rw_configs_20260406/tt5000_rw_joint_long3/exdqlm_laplace_tau0p05_tt5000_mcmc_exdqlm_rw_joint_tt5000_long.rds","/home/jaguir26/local/src/exdqlm__wt__dqlm-conjugacy-cavi-gibbs/results/function_testing_20260309_dynamic_dlm_family_qspec/dlm_constV_smallW/laplace/tau_0p05/fit_input_lastTT5000/validation_dynamic_tt5000/fits/vb/vb_exdqlm_tau_0p05_fit_rhsns_full_relaunch_20260327.rds","Long-horizon follow-up: retain the joint laplace_rw corridor and raise the runtime budget on TT5000 cases where the remaining issue looks more like post-burn mixing debt than an outright invalid fit.",FALSE,"2026-04-06 16:13:55.337889","2026-04-06 19:08:10.097127","done",,"FAIL",FALSE,FALSE,10193.986,"mcmc","exdqlm","dynamic","laplace","0p05","/home/jaguir26/local/src/exdqlm__wt__dqlm-conjugacy-cavi-gibbs/results/function_testing_20260309_dynamic_dlm_family_qspec/dlm_constV_smallW/laplace/tau_0p05/fit_input_lastTT5000/validation_dynamic_tt5000/fits/mcmc/mcmc_exdqlm_tau_0p05_fit.rds","/home/jaguir26/local/src/exdqlm__wt__dqlm-conjugacy-cavi-gibbs/results/function_testing_20260309_dynamic_dlm_family_qspec/dlm_constV_smallW/laplace/tau_0p05/fit_input_lastTT5000/validation_dynamic_tt5000/fits/mcmc/mcmc_exdqlm_tau_0p05_fit_orig288_dyn_tail7_rw_joint_long3_20260406.rds","/home/jaguir26/local/src/exdqlm__wt__dqlm-conjugacy-cavi-gibbs/tools/merge_reports/full288_original288_dynamic_tail7_rw_20260406/health/health_0013.csv","/home/jaguir26/local/src/exdqlm__wt__dqlm-conjugacy-cavi-gibbs/tools/merge_reports/full288_original288_dynamic_tail7_rw_20260406/telemetry/row_13.csv","done","dynamic","laplace","0p05","exdqlm","mcmc","/home/jaguir26/local/src/exdqlm__wt__dqlm-conjugacy-cavi-gibbs/results/function_testing_20260309_dynamic_dlm_family_qspec/dlm_constV_smallW/laplace/tau_0p05/fit_input_lastTT5000/validation_dynamic_tt5000/fits/mcmc/mcmc_exdqlm_tau_0p05_fit.rds","/home/jaguir26/local/src/exdqlm__wt__dqlm-conjugacy-cavi-gibbs/results/function_testing_20260309_dynamic_dlm_family_qspec/dlm_constV_smallW/laplace/tau_0p05/fit_input_lastTT5000/validation_dynamic_tt5000/fits/mcmc/mcmc_exdqlm_tau_0p05_fit_orig288_dyn_tail7_rw_joint_long3_20260406.rds","done",1,1,1,TRUE
14,"dynamic::normal::0p05::5000::default::exdqlm::mcmc::mcmc_exdqlm_rw_joint_tt5000_long",2026032755,"pending",FALSE,"dynamic","tt5000_rw_joint_long3",3,"mcmc_exdqlm_rw_joint_tt5000_long","dynamic::normal::0p05::5000::default::exdqlm::mcmc","FAIL","dynamic","normal",0.05,"0p05",5000,"default","default","mcmc","exdqlm","mcmc::exdqlm","/home/jaguir26/local/src/exdqlm__wt__dqlm-conjugacy-cavi-gibbs/results/function_testing_20260309_dynamic_dlm_family_qspec/dlm_constV_smallW/normal/tau_0p05/fit_input_lastTT5000/validation_dynamic_tt5000","/home/jaguir26/local/src/exdqlm__wt__dqlm-conjugacy-cavi-gibbs/results/function_testing_20260309_dynamic_dlm_family_qspec/dlm_constV_smallW/normal/tau_0p05/fit_input_lastTT5000/validation_dynamic_tt5000/tables","/home/jaguir26/local/src/exdqlm__wt__dqlm-conjugacy-cavi-gibbs/tools/merge_reports/original288_dynamic_tail7_rw_configs_20260406/tt5000_rw_joint_long3/exdqlm_normal_tau0p05_tt5000_mcmc_exdqlm_rw_joint_tt5000_long.rds","/home/jaguir26/local/src/exdqlm__wt__dqlm-conjugacy-cavi-gibbs/results/function_testing_20260309_dynamic_dlm_family_qspec/dlm_constV_smallW/normal/tau_0p05/fit_input_lastTT5000/sim_output.rds","/home/jaguir26/local/src/exdqlm__wt__dqlm-conjugacy-cavi-gibbs/results/function_testing_20260309_dynamic_dlm_family_qspec/dlm_constV_smallW/normal/tau_0p05/fit_input_lastTT5000/validation_dynamic_tt5000/fits/mcmc/mcmc_exdqlm_tau_0p05_fit.rds","/home/jaguir26/local/src/exdqlm__wt__dqlm-conjugacy-cavi-gibbs/results/function_testing_20260309_dynamic_dlm_family_qspec/dlm_constV_smallW/normal/tau_0p05/fit_input_lastTT5000/validation_dynamic_tt5000/fits/mcmc/mcmc_exdqlm_tau_0p05_fit_orig288_dyn_tail7_rw_joint_long3_20260406.rds","/home/jaguir26/local/src/exdqlm__wt__dqlm-conjugacy-cavi-gibbs/results/function_testing_20260309_dynamic_dlm_family_qspec/dlm_constV_smallW/normal/tau_0p05/fit_input_lastTT5000/validation_dynamic_tt5000/tables/method_signoff_long.csv","orig288_dyn_tail7_rw_joint_long3_20260406",,,"new_compute_targeted","/home/jaguir26/local/src/exdqlm__wt__dqlm-conjugacy-cavi-gibbs/tools/merge_reports/original288_dynamic_tail7_rw_configs_20260406/tt5000_rw_joint_long3/exdqlm_normal_tau0p05_tt5000_mcmc_exdqlm_rw_joint_tt5000_long.rds","/home/jaguir26/local/src/exdqlm__wt__dqlm-conjugacy-cavi-gibbs/results/function_testing_20260309_dynamic_dlm_family_qspec/dlm_constV_smallW/normal/tau_0p05/fit_input_lastTT5000/validation_dynamic_tt5000/fits/vb/vb_exdqlm_tau_0p05_fit.rds","Long-horizon follow-up: retain the joint laplace_rw corridor and raise the runtime budget on TT5000 cases where the remaining issue looks more like post-burn mixing debt than an outright invalid fit.",FALSE,"2026-04-06 16:13:55.326085","2026-04-06 19:10:13.283934","done",,"FAIL",FALSE,FALSE,10306.555,"mcmc","exdqlm","dynamic","normal","0p05","/home/jaguir26/local/src/exdqlm__wt__dqlm-conjugacy-cavi-gibbs/results/function_testing_20260309_dynamic_dlm_family_qspec/dlm_constV_smallW/normal/tau_0p05/fit_input_lastTT5000/validation_dynamic_tt5000/fits/mcmc/mcmc_exdqlm_tau_0p05_fit.rds","/home/jaguir26/local/src/exdqlm__wt__dqlm-conjugacy-cavi-gibbs/results/function_testing_20260309_dynamic_dlm_family_qspec/dlm_constV_smallW/normal/tau_0p05/fit_input_lastTT5000/validation_dynamic_tt5000/fits/mcmc/mcmc_exdqlm_tau_0p05_fit_orig288_dyn_tail7_rw_joint_long3_20260406.rds","/home/jaguir26/local/src/exdqlm__wt__dqlm-conjugacy-cavi-gibbs/tools/merge_reports/full288_original288_dynamic_tail7_rw_20260406/health/health_0014.csv","/home/jaguir26/local/src/exdqlm__wt__dqlm-conjugacy-cavi-gibbs/tools/merge_reports/full288_original288_dynamic_tail7_rw_20260406/telemetry/row_14.csv","done","dynamic","normal","0p05","exdqlm","mcmc","/home/jaguir26/local/src/exdqlm__wt__dqlm-conjugacy-cavi-gibbs/results/function_testing_20260309_dynamic_dlm_family_qspec/dlm_constV_smallW/normal/tau_0p05/fit_input_lastTT5000/validation_dynamic_tt5000/fits/mcmc/mcmc_exdqlm_tau_0p05_fit.rds","/home/jaguir26/local/src/exdqlm__wt__dqlm-conjugacy-cavi-gibbs/results/function_testing_20260309_dynamic_dlm_family_qspec/dlm_constV_smallW/normal/tau_0p05/fit_input_lastTT5000/validation_dynamic_tt5000/fits/mcmc/mcmc_exdqlm_tau_0p05_fit_orig288_dyn_tail7_rw_joint_long3_20260406.rds","done",1,1,1,TRUE
