"row_id","base_row_id","pair_id","seed","status","phase","phase_order","repair_class","missing_inputs","block","root_kind","family","tau","tau_label","fit_size","prior","prior_semantics","source_prior_semantics","target_prior_semantics","inference","model","method","target_original_case_key","accepted_gate","accepted_healthy","rebuild_gate","rebuild_status","base_profile_id","base_selected_variant_tag","selected_candidate","selected_variant_tag","profile_id","rationale","historical_source","run_root","data_dir","series_wide_path","coef_truth_path","true_quantile_grid_path","selection_indices_path","config_path","candidate_fit_path","row_status_path","health_path","metrics_path","gate_overall","healthy","runtime_sec","state","gate_current","healthy_current","accepted_compare","rebuild_compare"
1,44,"gausmix::0p25::1000::lastmile_rw_f085_s100_xxlong",2026055087,"pending","phase1_static_shrink_rhsns_exal_mcmc_gausmix_rw_length",1,"rw_length",FALSE,"static_shrink","static_shrink","gausmix",0.25,"0p25",1000,"rhs_ns","rhs_ns","rhs_legacy_mixed","rhs_ns","mcmc","exal","mcmc::exal","static_shrink::gausmix::0p25::1000::rhs_ns::exal::mcmc","WARN",TRUE,"FAIL","failed_runtime","mcmc_exal_rhsns_failband2_f085_sub2_s100","failband2_F085_sub2_s100","lastmile_rw_f085_s100_xxlong","failband2_F085_sub2_s100","lastmile_rw_f085_s100_xxlong","Carry the best long F085/s100 rw corridor much further to test whether row 44 is now blocked mainly by absolute gamma ESS rather than instability.","LOCAL_static_case_checkpoint_failband2_F085_sub2_s100_exal_gausmix.csv","/home/jaguir26/local/src/exdqlm__wt__validation_rerun_after_0p4p0_integration/results/function_testing_20260309_static_shrinkage_family_qspec/gausmix/tau_0p25/fit_input_subsample_tt1000_x01_sorted/validation_shrink_rhsns_gausmix_lastmile_tt1000","/home/jaguir26/local/src/exdqlm__wt__dqlm-conjugacy-cavi-gibbs/results/function_testing_20260309_static_shrinkage_family_qspec/gausmix/tau_0p25/fit_input_subsample_tt1000_x01_sorted","/home/jaguir26/local/src/exdqlm__wt__dqlm-conjugacy-cavi-gibbs/results/function_testing_20260309_static_shrinkage_family_qspec/gausmix/tau_0p25/fit_input_subsample_tt1000_x01_sorted/series_wide.csv","/home/jaguir26/local/src/exdqlm__wt__dqlm-conjugacy-cavi-gibbs/results/function_testing_20260309_static_shrinkage_family_qspec/gausmix/tau_0p25/fit_input_subsample_tt1000_x01_sorted/coef_truth.csv","/home/jaguir26/local/src/exdqlm__wt__dqlm-conjugacy-cavi-gibbs/results/function_testing_20260309_static_shrinkage_family_qspec/gausmix/tau_0p25/fit_input_subsample_tt1000_x01_sorted/true_quantile_grid.csv","/home/jaguir26/local/src/exdqlm__wt__dqlm-conjugacy-cavi-gibbs/results/function_testing_20260309_static_shrinkage_family_qspec/gausmix/tau_0p25/fit_input_subsample_tt1000_x01_sorted/selection_indices.csv","tools/merge_reports/full288_original288_static_shrink_rhsns_exal_mcmc_gausmix_lastmile_20260410/configs/row_0001_run_config.rds","/home/jaguir26/local/src/exdqlm__wt__validation_rerun_after_0p4p0_integration/results/function_testing_20260309_static_shrinkage_family_qspec/gausmix/tau_0p25/fit_input_subsample_tt1000_x01_sorted/validation_shrink_rhsns_gausmix_lastmile_tt1000/fits/mcmc/mcmc_exal_tau_0p25_fit_orig288_static_shrink_rhsns_exal_mcmc_gausmix_lastmile_20260410__lastmile_rw_f085_s100_xxlong.rds","tools/merge_reports/full288_original288_static_shrink_rhsns_exal_mcmc_gausmix_lastmile_20260410/rows/row_0001.csv","tools/merge_reports/full288_original288_static_shrink_rhsns_exal_mcmc_gausmix_lastmile_20260410/health/health_0001.csv","tools/merge_reports/full288_original288_static_shrink_rhsns_exal_mcmc_gausmix_lastmile_20260410/metrics/metrics_0001.csv",NA,NA,NA,"pending","MISSING",FALSE,"pending","pending"
2,44,"gausmix::0p25::1000::lastmile_rw_f085_s100_xxlong_sub3",2026055087,"pending","phase1_static_shrink_rhsns_exal_mcmc_gausmix_rw_length",1,"rw_length",FALSE,"static_shrink","static_shrink","gausmix",0.25,"0p25",1000,"rhs_ns","rhs_ns","rhs_legacy_mixed","rhs_ns","mcmc","exal","mcmc::exal","static_shrink::gausmix::0p25::1000::rhs_ns::exal::mcmc","WARN",TRUE,"FAIL","failed_runtime","mcmc_exal_rhsns_failband2_f085_sub2_s100","failband2_F085_sub2_s100","lastmile_rw_f085_s100_xxlong_sub3","failband2_F085_sub2_s100","lastmile_rw_f085_s100_xxlong_sub3","Keep the same best F085/s100 rw corridor but add a third gamma substep so the overnight wave explicitly targets gamma ESS-per-draw.","LOCAL_static_case_checkpoint_failband2_F085_sub2_s100_exal_gausmix.csv","/home/jaguir26/local/src/exdqlm__wt__validation_rerun_after_0p4p0_integration/results/function_testing_20260309_static_shrinkage_family_qspec/gausmix/tau_0p25/fit_input_subsample_tt1000_x01_sorted/validation_shrink_rhsns_gausmix_lastmile_tt1000","/home/jaguir26/local/src/exdqlm__wt__dqlm-conjugacy-cavi-gibbs/results/function_testing_20260309_static_shrinkage_family_qspec/gausmix/tau_0p25/fit_input_subsample_tt1000_x01_sorted","/home/jaguir26/local/src/exdqlm__wt__dqlm-conjugacy-cavi-gibbs/results/function_testing_20260309_static_shrinkage_family_qspec/gausmix/tau_0p25/fit_input_subsample_tt1000_x01_sorted/series_wide.csv","/home/jaguir26/local/src/exdqlm__wt__dqlm-conjugacy-cavi-gibbs/results/function_testing_20260309_static_shrinkage_family_qspec/gausmix/tau_0p25/fit_input_subsample_tt1000_x01_sorted/coef_truth.csv","/home/jaguir26/local/src/exdqlm__wt__dqlm-conjugacy-cavi-gibbs/results/function_testing_20260309_static_shrinkage_family_qspec/gausmix/tau_0p25/fit_input_subsample_tt1000_x01_sorted/true_quantile_grid.csv","/home/jaguir26/local/src/exdqlm__wt__dqlm-conjugacy-cavi-gibbs/results/function_testing_20260309_static_shrinkage_family_qspec/gausmix/tau_0p25/fit_input_subsample_tt1000_x01_sorted/selection_indices.csv","tools/merge_reports/full288_original288_static_shrink_rhsns_exal_mcmc_gausmix_lastmile_20260410/configs/row_0002_run_config.rds","/home/jaguir26/local/src/exdqlm__wt__validation_rerun_after_0p4p0_integration/results/function_testing_20260309_static_shrinkage_family_qspec/gausmix/tau_0p25/fit_input_subsample_tt1000_x01_sorted/validation_shrink_rhsns_gausmix_lastmile_tt1000/fits/mcmc/mcmc_exal_tau_0p25_fit_orig288_static_shrink_rhsns_exal_mcmc_gausmix_lastmile_20260410__lastmile_rw_f085_s100_xxlong_sub3.rds","tools/merge_reports/full288_original288_static_shrink_rhsns_exal_mcmc_gausmix_lastmile_20260410/rows/row_0002.csv","tools/merge_reports/full288_original288_static_shrink_rhsns_exal_mcmc_gausmix_lastmile_20260410/health/health_0002.csv","tools/merge_reports/full288_original288_static_shrink_rhsns_exal_mcmc_gausmix_lastmile_20260410/metrics/metrics_0002.csv",NA,NA,NA,"pending","MISSING",FALSE,"pending","pending"
3,44,"gausmix::0p25::1000::lastmile_rw_f085_s100_xxlong_sub4",2026055087,"pending","phase1_static_shrink_rhsns_exal_mcmc_gausmix_rw_length",1,"rw_length",FALSE,"static_shrink","static_shrink","gausmix",0.25,"0p25",1000,"rhs_ns","rhs_ns","rhs_legacy_mixed","rhs_ns","mcmc","exal","mcmc::exal","static_shrink::gausmix::0p25::1000::rhs_ns::exal::mcmc","WARN",TRUE,"FAIL","failed_runtime","mcmc_exal_rhsns_failband2_f085_sub2_s100","failband2_F085_sub2_s100","lastmile_rw_f085_s100_xxlong_sub4","failband2_F085_sub2_s100","lastmile_rw_f085_s100_xxlong_sub4","Push the strongest F085/s100 anchor to a fourth gamma substep and a materially longer chain as the most direct ESS-closure attempt.","LOCAL_static_case_checkpoint_failband2_F085_sub2_s100_exal_gausmix.csv","/home/jaguir26/local/src/exdqlm__wt__validation_rerun_after_0p4p0_integration/results/function_testing_20260309_static_shrinkage_family_qspec/gausmix/tau_0p25/fit_input_subsample_tt1000_x01_sorted/validation_shrink_rhsns_gausmix_lastmile_tt1000","/home/jaguir26/local/src/exdqlm__wt__dqlm-conjugacy-cavi-gibbs/results/function_testing_20260309_static_shrinkage_family_qspec/gausmix/tau_0p25/fit_input_subsample_tt1000_x01_sorted","/home/jaguir26/local/src/exdqlm__wt__dqlm-conjugacy-cavi-gibbs/results/function_testing_20260309_static_shrinkage_family_qspec/gausmix/tau_0p25/fit_input_subsample_tt1000_x01_sorted/series_wide.csv","/home/jaguir26/local/src/exdqlm__wt__dqlm-conjugacy-cavi-gibbs/results/function_testing_20260309_static_shrinkage_family_qspec/gausmix/tau_0p25/fit_input_subsample_tt1000_x01_sorted/coef_truth.csv","/home/jaguir26/local/src/exdqlm__wt__dqlm-conjugacy-cavi-gibbs/results/function_testing_20260309_static_shrinkage_family_qspec/gausmix/tau_0p25/fit_input_subsample_tt1000_x01_sorted/true_quantile_grid.csv","/home/jaguir26/local/src/exdqlm__wt__dqlm-conjugacy-cavi-gibbs/results/function_testing_20260309_static_shrinkage_family_qspec/gausmix/tau_0p25/fit_input_subsample_tt1000_x01_sorted/selection_indices.csv","tools/merge_reports/full288_original288_static_shrink_rhsns_exal_mcmc_gausmix_lastmile_20260410/configs/row_0003_run_config.rds","/home/jaguir26/local/src/exdqlm__wt__validation_rerun_after_0p4p0_integration/results/function_testing_20260309_static_shrinkage_family_qspec/gausmix/tau_0p25/fit_input_subsample_tt1000_x01_sorted/validation_shrink_rhsns_gausmix_lastmile_tt1000/fits/mcmc/mcmc_exal_tau_0p25_fit_orig288_static_shrink_rhsns_exal_mcmc_gausmix_lastmile_20260410__lastmile_rw_f085_s100_xxlong_sub4.rds","tools/merge_reports/full288_original288_static_shrink_rhsns_exal_mcmc_gausmix_lastmile_20260410/rows/row_0003.csv","tools/merge_reports/full288_original288_static_shrink_rhsns_exal_mcmc_gausmix_lastmile_20260410/health/health_0003.csv","tools/merge_reports/full288_original288_static_shrink_rhsns_exal_mcmc_gausmix_lastmile_20260410/metrics/metrics_0003.csv",NA,NA,NA,"pending","MISSING",FALSE,"pending","pending"
4,44,"gausmix::0p25::1000::lastmile_rw_f0845_s100_xxlong",2026045424,"pending","phase1_static_shrink_rhsns_exal_mcmc_gausmix_rw_length",1,"rw_length",FALSE,"static_shrink","static_shrink","gausmix",0.25,"0p25",1000,"rhs_ns","rhs_ns","rhs_legacy_mixed","rhs_ns","mcmc","exal","mcmc::exal","static_shrink::gausmix::0p25::1000::rhs_ns::exal::mcmc","WARN",TRUE,"FAIL","failed_runtime","mcmc_exal_rhsns_failband2_f085_sub2_s100","failband2_F085_sub2_s100","lastmile_rw_f0845_s100_xxlong","failband2_F0845_sub2_s100","lastmile_rw_f0845_s100_xxlong","Re-open the lower-mid F0845/s100 corridor at much longer budget because it had the cleanest drift among the early gausmix repair attempts.",NA,"/home/jaguir26/local/src/exdqlm__wt__validation_rerun_after_0p4p0_integration/results/function_testing_20260309_static_shrinkage_family_qspec/gausmix/tau_0p25/fit_input_subsample_tt1000_x01_sorted/validation_shrink_rhsns_gausmix_lastmile_tt1000","/home/jaguir26/local/src/exdqlm__wt__dqlm-conjugacy-cavi-gibbs/results/function_testing_20260309_static_shrinkage_family_qspec/gausmix/tau_0p25/fit_input_subsample_tt1000_x01_sorted","/home/jaguir26/local/src/exdqlm__wt__dqlm-conjugacy-cavi-gibbs/results/function_testing_20260309_static_shrinkage_family_qspec/gausmix/tau_0p25/fit_input_subsample_tt1000_x01_sorted/series_wide.csv","/home/jaguir26/local/src/exdqlm__wt__dqlm-conjugacy-cavi-gibbs/results/function_testing_20260309_static_shrinkage_family_qspec/gausmix/tau_0p25/fit_input_subsample_tt1000_x01_sorted/coef_truth.csv","/home/jaguir26/local/src/exdqlm__wt__dqlm-conjugacy-cavi-gibbs/results/function_testing_20260309_static_shrinkage_family_qspec/gausmix/tau_0p25/fit_input_subsample_tt1000_x01_sorted/true_quantile_grid.csv","/home/jaguir26/local/src/exdqlm__wt__dqlm-conjugacy-cavi-gibbs/results/function_testing_20260309_static_shrinkage_family_qspec/gausmix/tau_0p25/fit_input_subsample_tt1000_x01_sorted/selection_indices.csv","tools/merge_reports/full288_original288_static_shrink_rhsns_exal_mcmc_gausmix_lastmile_20260410/configs/row_0004_run_config.rds","/home/jaguir26/local/src/exdqlm__wt__validation_rerun_after_0p4p0_integration/results/function_testing_20260309_static_shrinkage_family_qspec/gausmix/tau_0p25/fit_input_subsample_tt1000_x01_sorted/validation_shrink_rhsns_gausmix_lastmile_tt1000/fits/mcmc/mcmc_exal_tau_0p25_fit_orig288_static_shrink_rhsns_exal_mcmc_gausmix_lastmile_20260410__lastmile_rw_f0845_s100_xxlong.rds","tools/merge_reports/full288_original288_static_shrink_rhsns_exal_mcmc_gausmix_lastmile_20260410/rows/row_0004.csv","tools/merge_reports/full288_original288_static_shrink_rhsns_exal_mcmc_gausmix_lastmile_20260410/health/health_0004.csv","tools/merge_reports/full288_original288_static_shrink_rhsns_exal_mcmc_gausmix_lastmile_20260410/metrics/metrics_0004.csv",NA,NA,NA,"pending","MISSING",FALSE,"pending","pending"
5,44,"gausmix::0p25::1000::lastmile_rw_f0845_s100_xxlong_sub3",2026045425,"pending","phase1_static_shrink_rhsns_exal_mcmc_gausmix_rw_length",1,"rw_length",FALSE,"static_shrink","static_shrink","gausmix",0.25,"0p25",1000,"rhs_ns","rhs_ns","rhs_legacy_mixed","rhs_ns","mcmc","exal","mcmc::exal","static_shrink::gausmix::0p25::1000::rhs_ns::exal::mcmc","WARN",TRUE,"FAIL","failed_runtime","mcmc_exal_rhsns_failband2_f085_sub2_s100","failband2_F085_sub2_s100","lastmile_rw_f0845_s100_xxlong_sub3","failband2_F0845_sub2_s100","lastmile_rw_f0845_s100_xxlong_sub3","Add a third gamma substep to the stable F0845/s100 corridor to see if it can out-mix the higher F085 band without reintroducing drift.",NA,"/home/jaguir26/local/src/exdqlm__wt__validation_rerun_after_0p4p0_integration/results/function_testing_20260309_static_shrinkage_family_qspec/gausmix/tau_0p25/fit_input_subsample_tt1000_x01_sorted/validation_shrink_rhsns_gausmix_lastmile_tt1000","/home/jaguir26/local/src/exdqlm__wt__dqlm-conjugacy-cavi-gibbs/results/function_testing_20260309_static_shrinkage_family_qspec/gausmix/tau_0p25/fit_input_subsample_tt1000_x01_sorted","/home/jaguir26/local/src/exdqlm__wt__dqlm-conjugacy-cavi-gibbs/results/function_testing_20260309_static_shrinkage_family_qspec/gausmix/tau_0p25/fit_input_subsample_tt1000_x01_sorted/series_wide.csv","/home/jaguir26/local/src/exdqlm__wt__dqlm-conjugacy-cavi-gibbs/results/function_testing_20260309_static_shrinkage_family_qspec/gausmix/tau_0p25/fit_input_subsample_tt1000_x01_sorted/coef_truth.csv","/home/jaguir26/local/src/exdqlm__wt__dqlm-conjugacy-cavi-gibbs/results/function_testing_20260309_static_shrinkage_family_qspec/gausmix/tau_0p25/fit_input_subsample_tt1000_x01_sorted/true_quantile_grid.csv","/home/jaguir26/local/src/exdqlm__wt__dqlm-conjugacy-cavi-gibbs/results/function_testing_20260309_static_shrinkage_family_qspec/gausmix/tau_0p25/fit_input_subsample_tt1000_x01_sorted/selection_indices.csv","tools/merge_reports/full288_original288_static_shrink_rhsns_exal_mcmc_gausmix_lastmile_20260410/configs/row_0005_run_config.rds","/home/jaguir26/local/src/exdqlm__wt__validation_rerun_after_0p4p0_integration/results/function_testing_20260309_static_shrinkage_family_qspec/gausmix/tau_0p25/fit_input_subsample_tt1000_x01_sorted/validation_shrink_rhsns_gausmix_lastmile_tt1000/fits/mcmc/mcmc_exal_tau_0p25_fit_orig288_static_shrink_rhsns_exal_mcmc_gausmix_lastmile_20260410__lastmile_rw_f0845_s100_xxlong_sub3.rds","tools/merge_reports/full288_original288_static_shrink_rhsns_exal_mcmc_gausmix_lastmile_20260410/rows/row_0005.csv","tools/merge_reports/full288_original288_static_shrink_rhsns_exal_mcmc_gausmix_lastmile_20260410/health/health_0005.csv","tools/merge_reports/full288_original288_static_shrink_rhsns_exal_mcmc_gausmix_lastmile_20260410/metrics/metrics_0005.csv",NA,NA,NA,"pending","MISSING",FALSE,"pending","pending"
6,44,"gausmix::0p25::1000::lastmile_rw_f0845_s100_xxlong_sub4",2026045426,"pending","phase1_static_shrink_rhsns_exal_mcmc_gausmix_rw_length",1,"rw_length",FALSE,"static_shrink","static_shrink","gausmix",0.25,"0p25",1000,"rhs_ns","rhs_ns","rhs_legacy_mixed","rhs_ns","mcmc","exal","mcmc::exal","static_shrink::gausmix::0p25::1000::rhs_ns::exal::mcmc","WARN",TRUE,"FAIL","failed_runtime","mcmc_exal_rhsns_failband2_f085_sub2_s100","failband2_F085_sub2_s100","lastmile_rw_f0845_s100_xxlong_sub4","failband2_F0845_sub2_s100","lastmile_rw_f0845_s100_xxlong_sub4","Use the same lower-mid F0845/s100 corridor with four gamma substeps and a long chain to stress-test whether gamma ESS is now the only missing ingredient.",NA,"/home/jaguir26/local/src/exdqlm__wt__validation_rerun_after_0p4p0_integration/results/function_testing_20260309_static_shrinkage_family_qspec/gausmix/tau_0p25/fit_input_subsample_tt1000_x01_sorted/validation_shrink_rhsns_gausmix_lastmile_tt1000","/home/jaguir26/local/src/exdqlm__wt__dqlm-conjugacy-cavi-gibbs/results/function_testing_20260309_static_shrinkage_family_qspec/gausmix/tau_0p25/fit_input_subsample_tt1000_x01_sorted","/home/jaguir26/local/src/exdqlm__wt__dqlm-conjugacy-cavi-gibbs/results/function_testing_20260309_static_shrinkage_family_qspec/gausmix/tau_0p25/fit_input_subsample_tt1000_x01_sorted/series_wide.csv","/home/jaguir26/local/src/exdqlm__wt__dqlm-conjugacy-cavi-gibbs/results/function_testing_20260309_static_shrinkage_family_qspec/gausmix/tau_0p25/fit_input_subsample_tt1000_x01_sorted/coef_truth.csv","/home/jaguir26/local/src/exdqlm__wt__dqlm-conjugacy-cavi-gibbs/results/function_testing_20260309_static_shrinkage_family_qspec/gausmix/tau_0p25/fit_input_subsample_tt1000_x01_sorted/true_quantile_grid.csv","/home/jaguir26/local/src/exdqlm__wt__dqlm-conjugacy-cavi-gibbs/results/function_testing_20260309_static_shrinkage_family_qspec/gausmix/tau_0p25/fit_input_subsample_tt1000_x01_sorted/selection_indices.csv","tools/merge_reports/full288_original288_static_shrink_rhsns_exal_mcmc_gausmix_lastmile_20260410/configs/row_0006_run_config.rds","/home/jaguir26/local/src/exdqlm__wt__validation_rerun_after_0p4p0_integration/results/function_testing_20260309_static_shrinkage_family_qspec/gausmix/tau_0p25/fit_input_subsample_tt1000_x01_sorted/validation_shrink_rhsns_gausmix_lastmile_tt1000/fits/mcmc/mcmc_exal_tau_0p25_fit_orig288_static_shrink_rhsns_exal_mcmc_gausmix_lastmile_20260410__lastmile_rw_f0845_s100_xxlong_sub4.rds","tools/merge_reports/full288_original288_static_shrink_rhsns_exal_mcmc_gausmix_lastmile_20260410/rows/row_0006.csv","tools/merge_reports/full288_original288_static_shrink_rhsns_exal_mcmc_gausmix_lastmile_20260410/health/health_0006.csv","tools/merge_reports/full288_original288_static_shrink_rhsns_exal_mcmc_gausmix_lastmile_20260410/metrics/metrics_0006.csv",NA,NA,NA,"pending","MISSING",FALSE,"pending","pending"
7,44,"gausmix::0p25::1000::lastmile_rw_f085_s100_noadapt_xxlong_sub3",2026055087,"pending","phase1_static_shrink_rhsns_exal_mcmc_gausmix_rw_length",1,"rw_length",FALSE,"static_shrink","static_shrink","gausmix",0.25,"0p25",1000,"rhs_ns","rhs_ns","rhs_legacy_mixed","rhs_ns","mcmc","exal","mcmc::exal","static_shrink::gausmix::0p25::1000::rhs_ns::exal::mcmc","WARN",TRUE,"FAIL","failed_runtime","mcmc_exal_rhsns_failband2_f085_sub2_s100","failband2_F085_sub2_s100","lastmile_rw_f085_s100_noadapt_xxlong_sub3","failband2_F085_sub2_s100","lastmile_rw_f085_s100_noadapt_xxlong_sub3","Turn adaptation off on the strongest F085/s100 corridor while still extending the chain, in case the best ESS anchor can close once adaptation stops perturbing it.","LOCAL_static_case_checkpoint_failband2_F085_sub2_s100_exal_gausmix.csv","/home/jaguir26/local/src/exdqlm__wt__validation_rerun_after_0p4p0_integration/results/function_testing_20260309_static_shrinkage_family_qspec/gausmix/tau_0p25/fit_input_subsample_tt1000_x01_sorted/validation_shrink_rhsns_gausmix_lastmile_tt1000","/home/jaguir26/local/src/exdqlm__wt__dqlm-conjugacy-cavi-gibbs/results/function_testing_20260309_static_shrinkage_family_qspec/gausmix/tau_0p25/fit_input_subsample_tt1000_x01_sorted","/home/jaguir26/local/src/exdqlm__wt__dqlm-conjugacy-cavi-gibbs/results/function_testing_20260309_static_shrinkage_family_qspec/gausmix/tau_0p25/fit_input_subsample_tt1000_x01_sorted/series_wide.csv","/home/jaguir26/local/src/exdqlm__wt__dqlm-conjugacy-cavi-gibbs/results/function_testing_20260309_static_shrinkage_family_qspec/gausmix/tau_0p25/fit_input_subsample_tt1000_x01_sorted/coef_truth.csv","/home/jaguir26/local/src/exdqlm__wt__dqlm-conjugacy-cavi-gibbs/results/function_testing_20260309_static_shrinkage_family_qspec/gausmix/tau_0p25/fit_input_subsample_tt1000_x01_sorted/true_quantile_grid.csv","/home/jaguir26/local/src/exdqlm__wt__dqlm-conjugacy-cavi-gibbs/results/function_testing_20260309_static_shrinkage_family_qspec/gausmix/tau_0p25/fit_input_subsample_tt1000_x01_sorted/selection_indices.csv","tools/merge_reports/full288_original288_static_shrink_rhsns_exal_mcmc_gausmix_lastmile_20260410/configs/row_0007_run_config.rds","/home/jaguir26/local/src/exdqlm__wt__validation_rerun_after_0p4p0_integration/results/function_testing_20260309_static_shrinkage_family_qspec/gausmix/tau_0p25/fit_input_subsample_tt1000_x01_sorted/validation_shrink_rhsns_gausmix_lastmile_tt1000/fits/mcmc/mcmc_exal_tau_0p25_fit_orig288_static_shrink_rhsns_exal_mcmc_gausmix_lastmile_20260410__lastmile_rw_f085_s100_noadapt_xxlong_sub3.rds","tools/merge_reports/full288_original288_static_shrink_rhsns_exal_mcmc_gausmix_lastmile_20260410/rows/row_0007.csv","tools/merge_reports/full288_original288_static_shrink_rhsns_exal_mcmc_gausmix_lastmile_20260410/health/health_0007.csv","tools/merge_reports/full288_original288_static_shrink_rhsns_exal_mcmc_gausmix_lastmile_20260410/metrics/metrics_0007.csv",NA,NA,NA,"pending","MISSING",FALSE,"pending","pending"
8,44,"gausmix::0p25::1000::lastmile_rw_f0825_s1025_xxlong_sub3",2026053087,"pending","phase1_static_shrink_rhsns_exal_mcmc_gausmix_rw_length",1,"rw_length",FALSE,"static_shrink","static_shrink","gausmix",0.25,"0p25",1000,"rhs_ns","rhs_ns","rhs_legacy_mixed","rhs_ns","mcmc","exal","mcmc::exal","static_shrink::gausmix::0p25::1000::rhs_ns::exal::mcmc","WARN",TRUE,"FAIL","failed_runtime","mcmc_exal_rhsns_failband2_f085_sub2_s100","failband2_F085_sub2_s100","lastmile_rw_f0825_s1025_xxlong_sub3","failband2_F0825_sub2_s1025","lastmile_rw_f0825_s1025_xxlong_sub3","Keep one softer F0825/s1025 hedge alive at a long budget so the overnight program is broad without reopening clearly weak high-band corridors.","LOCAL_static_case_checkpoint_failband2_F0825_sub2_s1025_exal_gausmix.csv","/home/jaguir26/local/src/exdqlm__wt__validation_rerun_after_0p4p0_integration/results/function_testing_20260309_static_shrinkage_family_qspec/gausmix/tau_0p25/fit_input_subsample_tt1000_x01_sorted/validation_shrink_rhsns_gausmix_lastmile_tt1000","/home/jaguir26/local/src/exdqlm__wt__dqlm-conjugacy-cavi-gibbs/results/function_testing_20260309_static_shrinkage_family_qspec/gausmix/tau_0p25/fit_input_subsample_tt1000_x01_sorted","/home/jaguir26/local/src/exdqlm__wt__dqlm-conjugacy-cavi-gibbs/results/function_testing_20260309_static_shrinkage_family_qspec/gausmix/tau_0p25/fit_input_subsample_tt1000_x01_sorted/series_wide.csv","/home/jaguir26/local/src/exdqlm__wt__dqlm-conjugacy-cavi-gibbs/results/function_testing_20260309_static_shrinkage_family_qspec/gausmix/tau_0p25/fit_input_subsample_tt1000_x01_sorted/coef_truth.csv","/home/jaguir26/local/src/exdqlm__wt__dqlm-conjugacy-cavi-gibbs/results/function_testing_20260309_static_shrinkage_family_qspec/gausmix/tau_0p25/fit_input_subsample_tt1000_x01_sorted/true_quantile_grid.csv","/home/jaguir26/local/src/exdqlm__wt__dqlm-conjugacy-cavi-gibbs/results/function_testing_20260309_static_shrinkage_family_qspec/gausmix/tau_0p25/fit_input_subsample_tt1000_x01_sorted/selection_indices.csv","tools/merge_reports/full288_original288_static_shrink_rhsns_exal_mcmc_gausmix_lastmile_20260410/configs/row_0008_run_config.rds","/home/jaguir26/local/src/exdqlm__wt__validation_rerun_after_0p4p0_integration/results/function_testing_20260309_static_shrinkage_family_qspec/gausmix/tau_0p25/fit_input_subsample_tt1000_x01_sorted/validation_shrink_rhsns_gausmix_lastmile_tt1000/fits/mcmc/mcmc_exal_tau_0p25_fit_orig288_static_shrink_rhsns_exal_mcmc_gausmix_lastmile_20260410__lastmile_rw_f0825_s1025_xxlong_sub3.rds","tools/merge_reports/full288_original288_static_shrink_rhsns_exal_mcmc_gausmix_lastmile_20260410/rows/row_0008.csv","tools/merge_reports/full288_original288_static_shrink_rhsns_exal_mcmc_gausmix_lastmile_20260410/health/health_0008.csv","tools/merge_reports/full288_original288_static_shrink_rhsns_exal_mcmc_gausmix_lastmile_20260410/metrics/metrics_0008.csv",NA,NA,NA,"pending","MISSING",FALSE,"pending","pending"
9,44,"gausmix::0p25::1000::lastmile_rw_f085_s100_refresh25_s150_w075_sub3",2026055087,"pending","phase2_static_shrink_rhsns_exal_mcmc_gausmix_rw_refresh",2,"rw_refresh",FALSE,"static_shrink","static_shrink","gausmix",0.25,"0p25",1000,"rhs_ns","rhs_ns","rhs_legacy_mixed","rhs_ns","mcmc","exal","mcmc::exal","static_shrink::gausmix::0p25::1000::rhs_ns::exal::mcmc","WARN",TRUE,"FAIL","failed_runtime","mcmc_exal_rhsns_failband2_f085_sub2_s100","failband2_F085_sub2_s100","lastmile_rw_f085_s100_refresh25_s150_w075_sub3","failband2_F085_sub2_s100","lastmile_rw_f085_s100_refresh25_s150_w075_sub3","Start laplace refresh earlier and more often on the strongest F085/s100 corridor to attack gamma ESS directly instead of only extending chain length.","LOCAL_static_case_checkpoint_failband2_F085_sub2_s100_exal_gausmix.csv","/home/jaguir26/local/src/exdqlm__wt__validation_rerun_after_0p4p0_integration/results/function_testing_20260309_static_shrinkage_family_qspec/gausmix/tau_0p25/fit_input_subsample_tt1000_x01_sorted/validation_shrink_rhsns_gausmix_lastmile_tt1000","/home/jaguir26/local/src/exdqlm__wt__dqlm-conjugacy-cavi-gibbs/results/function_testing_20260309_static_shrinkage_family_qspec/gausmix/tau_0p25/fit_input_subsample_tt1000_x01_sorted","/home/jaguir26/local/src/exdqlm__wt__dqlm-conjugacy-cavi-gibbs/results/function_testing_20260309_static_shrinkage_family_qspec/gausmix/tau_0p25/fit_input_subsample_tt1000_x01_sorted/series_wide.csv","/home/jaguir26/local/src/exdqlm__wt__dqlm-conjugacy-cavi-gibbs/results/function_testing_20260309_static_shrinkage_family_qspec/gausmix/tau_0p25/fit_input_subsample_tt1000_x01_sorted/coef_truth.csv","/home/jaguir26/local/src/exdqlm__wt__dqlm-conjugacy-cavi-gibbs/results/function_testing_20260309_static_shrinkage_family_qspec/gausmix/tau_0p25/fit_input_subsample_tt1000_x01_sorted/true_quantile_grid.csv","/home/jaguir26/local/src/exdqlm__wt__dqlm-conjugacy-cavi-gibbs/results/function_testing_20260309_static_shrinkage_family_qspec/gausmix/tau_0p25/fit_input_subsample_tt1000_x01_sorted/selection_indices.csv","tools/merge_reports/full288_original288_static_shrink_rhsns_exal_mcmc_gausmix_lastmile_20260410/configs/row_0009_run_config.rds","/home/jaguir26/local/src/exdqlm__wt__validation_rerun_after_0p4p0_integration/results/function_testing_20260309_static_shrinkage_family_qspec/gausmix/tau_0p25/fit_input_subsample_tt1000_x01_sorted/validation_shrink_rhsns_gausmix_lastmile_tt1000/fits/mcmc/mcmc_exal_tau_0p25_fit_orig288_static_shrink_rhsns_exal_mcmc_gausmix_lastmile_20260410__lastmile_rw_f085_s100_refresh25_s150_w075_sub3.rds","tools/merge_reports/full288_original288_static_shrink_rhsns_exal_mcmc_gausmix_lastmile_20260410/rows/row_0009.csv","tools/merge_reports/full288_original288_static_shrink_rhsns_exal_mcmc_gausmix_lastmile_20260410/health/health_0009.csv","tools/merge_reports/full288_original288_static_shrink_rhsns_exal_mcmc_gausmix_lastmile_20260410/metrics/metrics_0009.csv",NA,NA,NA,"pending","MISSING",FALSE,"pending","pending"
10,44,"gausmix::0p25::1000::lastmile_rw_f085_s100_refresh10_s050_w085_sub3",2026055087,"pending","phase2_static_shrink_rhsns_exal_mcmc_gausmix_rw_refresh",2,"rw_refresh",FALSE,"static_shrink","static_shrink","gausmix",0.25,"0p25",1000,"rhs_ns","rhs_ns","rhs_legacy_mixed","rhs_ns","mcmc","exal","mcmc::exal","static_shrink::gausmix::0p25::1000::rhs_ns::exal::mcmc","WARN",TRUE,"FAIL","failed_runtime","mcmc_exal_rhsns_failband2_f085_sub2_s100","failband2_F085_sub2_s100","lastmile_rw_f085_s100_refresh10_s050_w085_sub3","failband2_F085_sub2_s100","lastmile_rw_f085_s100_refresh10_s050_w085_sub3","Use a very early, heavier refresh cadence on the F085/s100 corridor as a targeted hedge against persistent gamma stickiness.","LOCAL_static_case_checkpoint_failband2_F085_sub2_s100_exal_gausmix.csv","/home/jaguir26/local/src/exdqlm__wt__validation_rerun_after_0p4p0_integration/results/function_testing_20260309_static_shrinkage_family_qspec/gausmix/tau_0p25/fit_input_subsample_tt1000_x01_sorted/validation_shrink_rhsns_gausmix_lastmile_tt1000","/home/jaguir26/local/src/exdqlm__wt__dqlm-conjugacy-cavi-gibbs/results/function_testing_20260309_static_shrinkage_family_qspec/gausmix/tau_0p25/fit_input_subsample_tt1000_x01_sorted","/home/jaguir26/local/src/exdqlm__wt__dqlm-conjugacy-cavi-gibbs/results/function_testing_20260309_static_shrinkage_family_qspec/gausmix/tau_0p25/fit_input_subsample_tt1000_x01_sorted/series_wide.csv","/home/jaguir26/local/src/exdqlm__wt__dqlm-conjugacy-cavi-gibbs/results/function_testing_20260309_static_shrinkage_family_qspec/gausmix/tau_0p25/fit_input_subsample_tt1000_x01_sorted/coef_truth.csv","/home/jaguir26/local/src/exdqlm__wt__dqlm-conjugacy-cavi-gibbs/results/function_testing_20260309_static_shrinkage_family_qspec/gausmix/tau_0p25/fit_input_subsample_tt1000_x01_sorted/true_quantile_grid.csv","/home/jaguir26/local/src/exdqlm__wt__dqlm-conjugacy-cavi-gibbs/results/function_testing_20260309_static_shrinkage_family_qspec/gausmix/tau_0p25/fit_input_subsample_tt1000_x01_sorted/selection_indices.csv","tools/merge_reports/full288_original288_static_shrink_rhsns_exal_mcmc_gausmix_lastmile_20260410/configs/row_0010_run_config.rds","/home/jaguir26/local/src/exdqlm__wt__validation_rerun_after_0p4p0_integration/results/function_testing_20260309_static_shrinkage_family_qspec/gausmix/tau_0p25/fit_input_subsample_tt1000_x01_sorted/validation_shrink_rhsns_gausmix_lastmile_tt1000/fits/mcmc/mcmc_exal_tau_0p25_fit_orig288_static_shrink_rhsns_exal_mcmc_gausmix_lastmile_20260410__lastmile_rw_f085_s100_refresh10_s050_w085_sub3.rds","tools/merge_reports/full288_original288_static_shrink_rhsns_exal_mcmc_gausmix_lastmile_20260410/rows/row_0010.csv","tools/merge_reports/full288_original288_static_shrink_rhsns_exal_mcmc_gausmix_lastmile_20260410/health/health_0010.csv","tools/merge_reports/full288_original288_static_shrink_rhsns_exal_mcmc_gausmix_lastmile_20260410/metrics/metrics_0010.csv",NA,NA,NA,"pending","MISSING",FALSE,"pending","pending"
11,44,"gausmix::0p25::1000::lastmile_rw_f085_s100_refresh10_s050_w090_sub4",2026055087,"pending","phase2_static_shrink_rhsns_exal_mcmc_gausmix_rw_refresh",2,"rw_refresh",FALSE,"static_shrink","static_shrink","gausmix",0.25,"0p25",1000,"rhs_ns","rhs_ns","rhs_legacy_mixed","rhs_ns","mcmc","exal","mcmc::exal","static_shrink::gausmix::0p25::1000::rhs_ns::exal::mcmc","WARN",TRUE,"FAIL","failed_runtime","mcmc_exal_rhsns_failband2_f085_sub2_s100","failband2_F085_sub2_s100","lastmile_rw_f085_s100_refresh10_s050_w090_sub4","failband2_F085_sub2_s100","lastmile_rw_f085_s100_refresh10_s050_w090_sub4","Push the early heavy-refresh F085 corridor to four gamma substeps so the search includes one truly aggressive rw mixing rescue.","LOCAL_static_case_checkpoint_failband2_F085_sub2_s100_exal_gausmix.csv","/home/jaguir26/local/src/exdqlm__wt__validation_rerun_after_0p4p0_integration/results/function_testing_20260309_static_shrinkage_family_qspec/gausmix/tau_0p25/fit_input_subsample_tt1000_x01_sorted/validation_shrink_rhsns_gausmix_lastmile_tt1000","/home/jaguir26/local/src/exdqlm__wt__dqlm-conjugacy-cavi-gibbs/results/function_testing_20260309_static_shrinkage_family_qspec/gausmix/tau_0p25/fit_input_subsample_tt1000_x01_sorted","/home/jaguir26/local/src/exdqlm__wt__dqlm-conjugacy-cavi-gibbs/results/function_testing_20260309_static_shrinkage_family_qspec/gausmix/tau_0p25/fit_input_subsample_tt1000_x01_sorted/series_wide.csv","/home/jaguir26/local/src/exdqlm__wt__dqlm-conjugacy-cavi-gibbs/results/function_testing_20260309_static_shrinkage_family_qspec/gausmix/tau_0p25/fit_input_subsample_tt1000_x01_sorted/coef_truth.csv","/home/jaguir26/local/src/exdqlm__wt__dqlm-conjugacy-cavi-gibbs/results/function_testing_20260309_static_shrinkage_family_qspec/gausmix/tau_0p25/fit_input_subsample_tt1000_x01_sorted/true_quantile_grid.csv","/home/jaguir26/local/src/exdqlm__wt__dqlm-conjugacy-cavi-gibbs/results/function_testing_20260309_static_shrinkage_family_qspec/gausmix/tau_0p25/fit_input_subsample_tt1000_x01_sorted/selection_indices.csv","tools/merge_reports/full288_original288_static_shrink_rhsns_exal_mcmc_gausmix_lastmile_20260410/configs/row_0011_run_config.rds","/home/jaguir26/local/src/exdqlm__wt__validation_rerun_after_0p4p0_integration/results/function_testing_20260309_static_shrinkage_family_qspec/gausmix/tau_0p25/fit_input_subsample_tt1000_x01_sorted/validation_shrink_rhsns_gausmix_lastmile_tt1000/fits/mcmc/mcmc_exal_tau_0p25_fit_orig288_static_shrink_rhsns_exal_mcmc_gausmix_lastmile_20260410__lastmile_rw_f085_s100_refresh10_s050_w090_sub4.rds","tools/merge_reports/full288_original288_static_shrink_rhsns_exal_mcmc_gausmix_lastmile_20260410/rows/row_0011.csv","tools/merge_reports/full288_original288_static_shrink_rhsns_exal_mcmc_gausmix_lastmile_20260410/health/health_0011.csv","tools/merge_reports/full288_original288_static_shrink_rhsns_exal_mcmc_gausmix_lastmile_20260410/metrics/metrics_0011.csv",NA,NA,NA,"pending","MISSING",FALSE,"pending","pending"
12,44,"gausmix::0p25::1000::lastmile_rw_f0845_s100_refresh25_s150_w075_sub3",2026045424,"pending","phase2_static_shrink_rhsns_exal_mcmc_gausmix_rw_refresh",2,"rw_refresh",FALSE,"static_shrink","static_shrink","gausmix",0.25,"0p25",1000,"rhs_ns","rhs_ns","rhs_legacy_mixed","rhs_ns","mcmc","exal","mcmc::exal","static_shrink::gausmix::0p25::1000::rhs_ns::exal::mcmc","WARN",TRUE,"FAIL","failed_runtime","mcmc_exal_rhsns_failband2_f085_sub2_s100","failband2_F085_sub2_s100","lastmile_rw_f0845_s100_refresh25_s150_w075_sub3","failband2_F0845_sub2_s100","lastmile_rw_f0845_s100_refresh25_s150_w075_sub3","Apply the same earlier refresh plan to the F0845/s100 corridor to test whether that lower-mid geometry responds better than the F085 anchor.",NA,"/home/jaguir26/local/src/exdqlm__wt__validation_rerun_after_0p4p0_integration/results/function_testing_20260309_static_shrinkage_family_qspec/gausmix/tau_0p25/fit_input_subsample_tt1000_x01_sorted/validation_shrink_rhsns_gausmix_lastmile_tt1000","/home/jaguir26/local/src/exdqlm__wt__dqlm-conjugacy-cavi-gibbs/results/function_testing_20260309_static_shrinkage_family_qspec/gausmix/tau_0p25/fit_input_subsample_tt1000_x01_sorted","/home/jaguir26/local/src/exdqlm__wt__dqlm-conjugacy-cavi-gibbs/results/function_testing_20260309_static_shrinkage_family_qspec/gausmix/tau_0p25/fit_input_subsample_tt1000_x01_sorted/series_wide.csv","/home/jaguir26/local/src/exdqlm__wt__dqlm-conjugacy-cavi-gibbs/results/function_testing_20260309_static_shrinkage_family_qspec/gausmix/tau_0p25/fit_input_subsample_tt1000_x01_sorted/coef_truth.csv","/home/jaguir26/local/src/exdqlm__wt__dqlm-conjugacy-cavi-gibbs/results/function_testing_20260309_static_shrinkage_family_qspec/gausmix/tau_0p25/fit_input_subsample_tt1000_x01_sorted/true_quantile_grid.csv","/home/jaguir26/local/src/exdqlm__wt__dqlm-conjugacy-cavi-gibbs/results/function_testing_20260309_static_shrinkage_family_qspec/gausmix/tau_0p25/fit_input_subsample_tt1000_x01_sorted/selection_indices.csv","tools/merge_reports/full288_original288_static_shrink_rhsns_exal_mcmc_gausmix_lastmile_20260410/configs/row_0012_run_config.rds","/home/jaguir26/local/src/exdqlm__wt__validation_rerun_after_0p4p0_integration/results/function_testing_20260309_static_shrinkage_family_qspec/gausmix/tau_0p25/fit_input_subsample_tt1000_x01_sorted/validation_shrink_rhsns_gausmix_lastmile_tt1000/fits/mcmc/mcmc_exal_tau_0p25_fit_orig288_static_shrink_rhsns_exal_mcmc_gausmix_lastmile_20260410__lastmile_rw_f0845_s100_refresh25_s150_w075_sub3.rds","tools/merge_reports/full288_original288_static_shrink_rhsns_exal_mcmc_gausmix_lastmile_20260410/rows/row_0012.csv","tools/merge_reports/full288_original288_static_shrink_rhsns_exal_mcmc_gausmix_lastmile_20260410/health/health_0012.csv","tools/merge_reports/full288_original288_static_shrink_rhsns_exal_mcmc_gausmix_lastmile_20260410/metrics/metrics_0012.csv",NA,NA,NA,"pending","MISSING",FALSE,"pending","pending"
13,44,"gausmix::0p25::1000::lastmile_rw_f0845_s100_refresh10_s050_w085_sub4",2026045425,"pending","phase2_static_shrink_rhsns_exal_mcmc_gausmix_rw_refresh",2,"rw_refresh",FALSE,"static_shrink","static_shrink","gausmix",0.25,"0p25",1000,"rhs_ns","rhs_ns","rhs_legacy_mixed","rhs_ns","mcmc","exal","mcmc::exal","static_shrink::gausmix::0p25::1000::rhs_ns::exal::mcmc","WARN",TRUE,"FAIL","failed_runtime","mcmc_exal_rhsns_failband2_f085_sub2_s100","failband2_F085_sub2_s100","lastmile_rw_f0845_s100_refresh10_s050_w085_sub4","failband2_F0845_sub2_s100","lastmile_rw_f0845_s100_refresh10_s050_w085_sub4","Combine the F0845/s100 corridor with very early heavy refresh and four gamma substeps as the strongest low-mid rw mixing attempt.",NA,"/home/jaguir26/local/src/exdqlm__wt__validation_rerun_after_0p4p0_integration/results/function_testing_20260309_static_shrinkage_family_qspec/gausmix/tau_0p25/fit_input_subsample_tt1000_x01_sorted/validation_shrink_rhsns_gausmix_lastmile_tt1000","/home/jaguir26/local/src/exdqlm__wt__dqlm-conjugacy-cavi-gibbs/results/function_testing_20260309_static_shrinkage_family_qspec/gausmix/tau_0p25/fit_input_subsample_tt1000_x01_sorted","/home/jaguir26/local/src/exdqlm__wt__dqlm-conjugacy-cavi-gibbs/results/function_testing_20260309_static_shrinkage_family_qspec/gausmix/tau_0p25/fit_input_subsample_tt1000_x01_sorted/series_wide.csv","/home/jaguir26/local/src/exdqlm__wt__dqlm-conjugacy-cavi-gibbs/results/function_testing_20260309_static_shrinkage_family_qspec/gausmix/tau_0p25/fit_input_subsample_tt1000_x01_sorted/coef_truth.csv","/home/jaguir26/local/src/exdqlm__wt__dqlm-conjugacy-cavi-gibbs/results/function_testing_20260309_static_shrinkage_family_qspec/gausmix/tau_0p25/fit_input_subsample_tt1000_x01_sorted/true_quantile_grid.csv","/home/jaguir26/local/src/exdqlm__wt__dqlm-conjugacy-cavi-gibbs/results/function_testing_20260309_static_shrinkage_family_qspec/gausmix/tau_0p25/fit_input_subsample_tt1000_x01_sorted/selection_indices.csv","tools/merge_reports/full288_original288_static_shrink_rhsns_exal_mcmc_gausmix_lastmile_20260410/configs/row_0013_run_config.rds","/home/jaguir26/local/src/exdqlm__wt__validation_rerun_after_0p4p0_integration/results/function_testing_20260309_static_shrinkage_family_qspec/gausmix/tau_0p25/fit_input_subsample_tt1000_x01_sorted/validation_shrink_rhsns_gausmix_lastmile_tt1000/fits/mcmc/mcmc_exal_tau_0p25_fit_orig288_static_shrink_rhsns_exal_mcmc_gausmix_lastmile_20260410__lastmile_rw_f0845_s100_refresh10_s050_w085_sub4.rds","tools/merge_reports/full288_original288_static_shrink_rhsns_exal_mcmc_gausmix_lastmile_20260410/rows/row_0013.csv","tools/merge_reports/full288_original288_static_shrink_rhsns_exal_mcmc_gausmix_lastmile_20260410/health/health_0013.csv","tools/merge_reports/full288_original288_static_shrink_rhsns_exal_mcmc_gausmix_lastmile_20260410/metrics/metrics_0013.csv",NA,NA,NA,"pending","MISSING",FALSE,"pending","pending"
14,44,"gausmix::0p25::1000::lastmile_rw_f0825_s1025_refresh25_s150_w075_sub3",2026053087,"pending","phase2_static_shrink_rhsns_exal_mcmc_gausmix_rw_refresh",2,"rw_refresh",FALSE,"static_shrink","static_shrink","gausmix",0.25,"0p25",1000,"rhs_ns","rhs_ns","rhs_legacy_mixed","rhs_ns","mcmc","exal","mcmc::exal","static_shrink::gausmix::0p25::1000::rhs_ns::exal::mcmc","WARN",TRUE,"FAIL","failed_runtime","mcmc_exal_rhsns_failband2_f085_sub2_s100","failband2_F085_sub2_s100","lastmile_rw_f0825_s1025_refresh25_s150_w075_sub3","failband2_F0825_sub2_s1025","lastmile_rw_f0825_s1025_refresh25_s150_w075_sub3","Keep one refresh-heavy F0825/s1025 hedge because the softer band may still be preferable once gamma mixing is explicitly supported.","LOCAL_static_case_checkpoint_failband2_F0825_sub2_s1025_exal_gausmix.csv","/home/jaguir26/local/src/exdqlm__wt__validation_rerun_after_0p4p0_integration/results/function_testing_20260309_static_shrinkage_family_qspec/gausmix/tau_0p25/fit_input_subsample_tt1000_x01_sorted/validation_shrink_rhsns_gausmix_lastmile_tt1000","/home/jaguir26/local/src/exdqlm__wt__dqlm-conjugacy-cavi-gibbs/results/function_testing_20260309_static_shrinkage_family_qspec/gausmix/tau_0p25/fit_input_subsample_tt1000_x01_sorted","/home/jaguir26/local/src/exdqlm__wt__dqlm-conjugacy-cavi-gibbs/results/function_testing_20260309_static_shrinkage_family_qspec/gausmix/tau_0p25/fit_input_subsample_tt1000_x01_sorted/series_wide.csv","/home/jaguir26/local/src/exdqlm__wt__dqlm-conjugacy-cavi-gibbs/results/function_testing_20260309_static_shrinkage_family_qspec/gausmix/tau_0p25/fit_input_subsample_tt1000_x01_sorted/coef_truth.csv","/home/jaguir26/local/src/exdqlm__wt__dqlm-conjugacy-cavi-gibbs/results/function_testing_20260309_static_shrinkage_family_qspec/gausmix/tau_0p25/fit_input_subsample_tt1000_x01_sorted/true_quantile_grid.csv","/home/jaguir26/local/src/exdqlm__wt__dqlm-conjugacy-cavi-gibbs/results/function_testing_20260309_static_shrinkage_family_qspec/gausmix/tau_0p25/fit_input_subsample_tt1000_x01_sorted/selection_indices.csv","tools/merge_reports/full288_original288_static_shrink_rhsns_exal_mcmc_gausmix_lastmile_20260410/configs/row_0014_run_config.rds","/home/jaguir26/local/src/exdqlm__wt__validation_rerun_after_0p4p0_integration/results/function_testing_20260309_static_shrinkage_family_qspec/gausmix/tau_0p25/fit_input_subsample_tt1000_x01_sorted/validation_shrink_rhsns_gausmix_lastmile_tt1000/fits/mcmc/mcmc_exal_tau_0p25_fit_orig288_static_shrink_rhsns_exal_mcmc_gausmix_lastmile_20260410__lastmile_rw_f0825_s1025_refresh25_s150_w075_sub3.rds","tools/merge_reports/full288_original288_static_shrink_rhsns_exal_mcmc_gausmix_lastmile_20260410/rows/row_0014.csv","tools/merge_reports/full288_original288_static_shrink_rhsns_exal_mcmc_gausmix_lastmile_20260410/health/health_0014.csv","tools/merge_reports/full288_original288_static_shrink_rhsns_exal_mcmc_gausmix_lastmile_20260410/metrics/metrics_0014.csv",NA,NA,NA,"pending","MISSING",FALSE,"pending","pending"
15,44,"gausmix::0p25::1000::lastmile_rw_f0825_s1025_refresh10_s050_w085_sub4",2026053087,"pending","phase2_static_shrink_rhsns_exal_mcmc_gausmix_rw_refresh",2,"rw_refresh",FALSE,"static_shrink","static_shrink","gausmix",0.25,"0p25",1000,"rhs_ns","rhs_ns","rhs_legacy_mixed","rhs_ns","mcmc","exal","mcmc::exal","static_shrink::gausmix::0p25::1000::rhs_ns::exal::mcmc","WARN",TRUE,"FAIL","failed_runtime","mcmc_exal_rhsns_failband2_f085_sub2_s100","failband2_F085_sub2_s100","lastmile_rw_f0825_s1025_refresh10_s050_w085_sub4","failband2_F0825_sub2_s1025","lastmile_rw_f0825_s1025_refresh10_s050_w085_sub4","Push the softer F0825/s1025 corridor to the same early heavy-refresh plus four-substep regime so it gets one serious all-night test.","LOCAL_static_case_checkpoint_failband2_F0825_sub2_s1025_exal_gausmix.csv","/home/jaguir26/local/src/exdqlm__wt__validation_rerun_after_0p4p0_integration/results/function_testing_20260309_static_shrinkage_family_qspec/gausmix/tau_0p25/fit_input_subsample_tt1000_x01_sorted/validation_shrink_rhsns_gausmix_lastmile_tt1000","/home/jaguir26/local/src/exdqlm__wt__dqlm-conjugacy-cavi-gibbs/results/function_testing_20260309_static_shrinkage_family_qspec/gausmix/tau_0p25/fit_input_subsample_tt1000_x01_sorted","/home/jaguir26/local/src/exdqlm__wt__dqlm-conjugacy-cavi-gibbs/results/function_testing_20260309_static_shrinkage_family_qspec/gausmix/tau_0p25/fit_input_subsample_tt1000_x01_sorted/series_wide.csv","/home/jaguir26/local/src/exdqlm__wt__dqlm-conjugacy-cavi-gibbs/results/function_testing_20260309_static_shrinkage_family_qspec/gausmix/tau_0p25/fit_input_subsample_tt1000_x01_sorted/coef_truth.csv","/home/jaguir26/local/src/exdqlm__wt__dqlm-conjugacy-cavi-gibbs/results/function_testing_20260309_static_shrinkage_family_qspec/gausmix/tau_0p25/fit_input_subsample_tt1000_x01_sorted/true_quantile_grid.csv","/home/jaguir26/local/src/exdqlm__wt__dqlm-conjugacy-cavi-gibbs/results/function_testing_20260309_static_shrinkage_family_qspec/gausmix/tau_0p25/fit_input_subsample_tt1000_x01_sorted/selection_indices.csv","tools/merge_reports/full288_original288_static_shrink_rhsns_exal_mcmc_gausmix_lastmile_20260410/configs/row_0015_run_config.rds","/home/jaguir26/local/src/exdqlm__wt__validation_rerun_after_0p4p0_integration/results/function_testing_20260309_static_shrinkage_family_qspec/gausmix/tau_0p25/fit_input_subsample_tt1000_x01_sorted/validation_shrink_rhsns_gausmix_lastmile_tt1000/fits/mcmc/mcmc_exal_tau_0p25_fit_orig288_static_shrink_rhsns_exal_mcmc_gausmix_lastmile_20260410__lastmile_rw_f0825_s1025_refresh10_s050_w085_sub4.rds","tools/merge_reports/full288_original288_static_shrink_rhsns_exal_mcmc_gausmix_lastmile_20260410/rows/row_0015.csv","tools/merge_reports/full288_original288_static_shrink_rhsns_exal_mcmc_gausmix_lastmile_20260410/health/health_0015.csv","tools/merge_reports/full288_original288_static_shrink_rhsns_exal_mcmc_gausmix_lastmile_20260410/metrics/metrics_0015.csv",NA,NA,NA,"pending","MISSING",FALSE,"pending","pending"
16,44,"gausmix::0p25::1000::lastmile_rw_f0835_s1025_refresh25_s150_w075_sub3",2026045428,"pending","phase2_static_shrink_rhsns_exal_mcmc_gausmix_rw_refresh",2,"rw_refresh",FALSE,"static_shrink","static_shrink","gausmix",0.25,"0p25",1000,"rhs_ns","rhs_ns","rhs_legacy_mixed","rhs_ns","mcmc","exal","mcmc::exal","static_shrink::gausmix::0p25::1000::rhs_ns::exal::mcmc","WARN",TRUE,"FAIL","failed_runtime","mcmc_exal_rhsns_failband2_f085_sub2_s100","failband2_F085_sub2_s100","lastmile_rw_f0835_s1025_refresh25_s150_w075_sub3","failband2_F0835_sub2_s1025","lastmile_rw_f0835_s1025_refresh25_s150_w075_sub3","Carry one F0835/s1025 midpoint hedge with earlier refresh so the rw map stays broad but avoids reopening clearly weak extremes.",NA,"/home/jaguir26/local/src/exdqlm__wt__validation_rerun_after_0p4p0_integration/results/function_testing_20260309_static_shrinkage_family_qspec/gausmix/tau_0p25/fit_input_subsample_tt1000_x01_sorted/validation_shrink_rhsns_gausmix_lastmile_tt1000","/home/jaguir26/local/src/exdqlm__wt__dqlm-conjugacy-cavi-gibbs/results/function_testing_20260309_static_shrinkage_family_qspec/gausmix/tau_0p25/fit_input_subsample_tt1000_x01_sorted","/home/jaguir26/local/src/exdqlm__wt__dqlm-conjugacy-cavi-gibbs/results/function_testing_20260309_static_shrinkage_family_qspec/gausmix/tau_0p25/fit_input_subsample_tt1000_x01_sorted/series_wide.csv","/home/jaguir26/local/src/exdqlm__wt__dqlm-conjugacy-cavi-gibbs/results/function_testing_20260309_static_shrinkage_family_qspec/gausmix/tau_0p25/fit_input_subsample_tt1000_x01_sorted/coef_truth.csv","/home/jaguir26/local/src/exdqlm__wt__dqlm-conjugacy-cavi-gibbs/results/function_testing_20260309_static_shrinkage_family_qspec/gausmix/tau_0p25/fit_input_subsample_tt1000_x01_sorted/true_quantile_grid.csv","/home/jaguir26/local/src/exdqlm__wt__dqlm-conjugacy-cavi-gibbs/results/function_testing_20260309_static_shrinkage_family_qspec/gausmix/tau_0p25/fit_input_subsample_tt1000_x01_sorted/selection_indices.csv","tools/merge_reports/full288_original288_static_shrink_rhsns_exal_mcmc_gausmix_lastmile_20260410/configs/row_0016_run_config.rds","/home/jaguir26/local/src/exdqlm__wt__validation_rerun_after_0p4p0_integration/results/function_testing_20260309_static_shrinkage_family_qspec/gausmix/tau_0p25/fit_input_subsample_tt1000_x01_sorted/validation_shrink_rhsns_gausmix_lastmile_tt1000/fits/mcmc/mcmc_exal_tau_0p25_fit_orig288_static_shrink_rhsns_exal_mcmc_gausmix_lastmile_20260410__lastmile_rw_f0835_s1025_refresh25_s150_w075_sub3.rds","tools/merge_reports/full288_original288_static_shrink_rhsns_exal_mcmc_gausmix_lastmile_20260410/rows/row_0016.csv","tools/merge_reports/full288_original288_static_shrink_rhsns_exal_mcmc_gausmix_lastmile_20260410/health/health_0016.csv","tools/merge_reports/full288_original288_static_shrink_rhsns_exal_mcmc_gausmix_lastmile_20260410/metrics/metrics_0016.csv",NA,NA,NA,"pending","MISSING",FALSE,"pending","pending"
17,44,"gausmix::0p25::1000::lastmile_rw_f085_s095_xxlong_sub3",2026055087,"pending","phase3_static_shrink_rhsns_exal_mcmc_gausmix_rw_scale",3,"rw_scale",FALSE,"static_shrink","static_shrink","gausmix",0.25,"0p25",1000,"rhs_ns","rhs_ns","rhs_legacy_mixed","rhs_ns","mcmc","exal","mcmc::exal","static_shrink::gausmix::0p25::1000::rhs_ns::exal::mcmc","WARN",TRUE,"FAIL","failed_runtime","mcmc_exal_rhsns_failband2_f085_sub2_s100","failband2_F085_sub2_s100","lastmile_rw_f085_s095_xxlong_sub3","failband2_F085_sub2_s100","lastmile_rw_f085_s095_xxlong_sub3","Test whether lowering the jump scale on the best F085 corridor improves effective mixing without sacrificing the more stable drift behavior.","LOCAL_static_case_checkpoint_failband2_F085_sub2_s100_exal_gausmix.csv","/home/jaguir26/local/src/exdqlm__wt__validation_rerun_after_0p4p0_integration/results/function_testing_20260309_static_shrinkage_family_qspec/gausmix/tau_0p25/fit_input_subsample_tt1000_x01_sorted/validation_shrink_rhsns_gausmix_lastmile_tt1000","/home/jaguir26/local/src/exdqlm__wt__dqlm-conjugacy-cavi-gibbs/results/function_testing_20260309_static_shrinkage_family_qspec/gausmix/tau_0p25/fit_input_subsample_tt1000_x01_sorted","/home/jaguir26/local/src/exdqlm__wt__dqlm-conjugacy-cavi-gibbs/results/function_testing_20260309_static_shrinkage_family_qspec/gausmix/tau_0p25/fit_input_subsample_tt1000_x01_sorted/series_wide.csv","/home/jaguir26/local/src/exdqlm__wt__dqlm-conjugacy-cavi-gibbs/results/function_testing_20260309_static_shrinkage_family_qspec/gausmix/tau_0p25/fit_input_subsample_tt1000_x01_sorted/coef_truth.csv","/home/jaguir26/local/src/exdqlm__wt__dqlm-conjugacy-cavi-gibbs/results/function_testing_20260309_static_shrinkage_family_qspec/gausmix/tau_0p25/fit_input_subsample_tt1000_x01_sorted/true_quantile_grid.csv","/home/jaguir26/local/src/exdqlm__wt__dqlm-conjugacy-cavi-gibbs/results/function_testing_20260309_static_shrinkage_family_qspec/gausmix/tau_0p25/fit_input_subsample_tt1000_x01_sorted/selection_indices.csv","tools/merge_reports/full288_original288_static_shrink_rhsns_exal_mcmc_gausmix_lastmile_20260410/configs/row_0017_run_config.rds","/home/jaguir26/local/src/exdqlm__wt__validation_rerun_after_0p4p0_integration/results/function_testing_20260309_static_shrinkage_family_qspec/gausmix/tau_0p25/fit_input_subsample_tt1000_x01_sorted/validation_shrink_rhsns_gausmix_lastmile_tt1000/fits/mcmc/mcmc_exal_tau_0p25_fit_orig288_static_shrink_rhsns_exal_mcmc_gausmix_lastmile_20260410__lastmile_rw_f085_s095_xxlong_sub3.rds","tools/merge_reports/full288_original288_static_shrink_rhsns_exal_mcmc_gausmix_lastmile_20260410/rows/row_0017.csv","tools/merge_reports/full288_original288_static_shrink_rhsns_exal_mcmc_gausmix_lastmile_20260410/health/health_0017.csv","tools/merge_reports/full288_original288_static_shrink_rhsns_exal_mcmc_gausmix_lastmile_20260410/metrics/metrics_0017.csv",NA,NA,NA,"pending","MISSING",FALSE,"pending","pending"
18,44,"gausmix::0p25::1000::lastmile_rw_f085_s105_xxlong_sub3",2026055087,"pending","phase3_static_shrink_rhsns_exal_mcmc_gausmix_rw_scale",3,"rw_scale",FALSE,"static_shrink","static_shrink","gausmix",0.25,"0p25",1000,"rhs_ns","rhs_ns","rhs_legacy_mixed","rhs_ns","mcmc","exal","mcmc::exal","static_shrink::gausmix::0p25::1000::rhs_ns::exal::mcmc","WARN",TRUE,"FAIL","failed_runtime","mcmc_exal_rhsns_failband2_f085_sub2_s100","failband2_F085_sub2_s100","lastmile_rw_f085_s105_xxlong_sub3","failband2_F085_sub2_s100","lastmile_rw_f085_s105_xxlong_sub3","Test the opposite F085 scale hedge in case row 44 still needs slightly larger global eta moves once the chain is much longer.","LOCAL_static_case_checkpoint_failband2_F085_sub2_s100_exal_gausmix.csv","/home/jaguir26/local/src/exdqlm__wt__validation_rerun_after_0p4p0_integration/results/function_testing_20260309_static_shrinkage_family_qspec/gausmix/tau_0p25/fit_input_subsample_tt1000_x01_sorted/validation_shrink_rhsns_gausmix_lastmile_tt1000","/home/jaguir26/local/src/exdqlm__wt__dqlm-conjugacy-cavi-gibbs/results/function_testing_20260309_static_shrinkage_family_qspec/gausmix/tau_0p25/fit_input_subsample_tt1000_x01_sorted","/home/jaguir26/local/src/exdqlm__wt__dqlm-conjugacy-cavi-gibbs/results/function_testing_20260309_static_shrinkage_family_qspec/gausmix/tau_0p25/fit_input_subsample_tt1000_x01_sorted/series_wide.csv","/home/jaguir26/local/src/exdqlm__wt__dqlm-conjugacy-cavi-gibbs/results/function_testing_20260309_static_shrinkage_family_qspec/gausmix/tau_0p25/fit_input_subsample_tt1000_x01_sorted/coef_truth.csv","/home/jaguir26/local/src/exdqlm__wt__dqlm-conjugacy-cavi-gibbs/results/function_testing_20260309_static_shrinkage_family_qspec/gausmix/tau_0p25/fit_input_subsample_tt1000_x01_sorted/true_quantile_grid.csv","/home/jaguir26/local/src/exdqlm__wt__dqlm-conjugacy-cavi-gibbs/results/function_testing_20260309_static_shrinkage_family_qspec/gausmix/tau_0p25/fit_input_subsample_tt1000_x01_sorted/selection_indices.csv","tools/merge_reports/full288_original288_static_shrink_rhsns_exal_mcmc_gausmix_lastmile_20260410/configs/row_0018_run_config.rds","/home/jaguir26/local/src/exdqlm__wt__validation_rerun_after_0p4p0_integration/results/function_testing_20260309_static_shrinkage_family_qspec/gausmix/tau_0p25/fit_input_subsample_tt1000_x01_sorted/validation_shrink_rhsns_gausmix_lastmile_tt1000/fits/mcmc/mcmc_exal_tau_0p25_fit_orig288_static_shrink_rhsns_exal_mcmc_gausmix_lastmile_20260410__lastmile_rw_f085_s105_xxlong_sub3.rds","tools/merge_reports/full288_original288_static_shrink_rhsns_exal_mcmc_gausmix_lastmile_20260410/rows/row_0018.csv","tools/merge_reports/full288_original288_static_shrink_rhsns_exal_mcmc_gausmix_lastmile_20260410/health/health_0018.csv","tools/merge_reports/full288_original288_static_shrink_rhsns_exal_mcmc_gausmix_lastmile_20260410/metrics/metrics_0018.csv",NA,NA,NA,"pending","MISSING",FALSE,"pending","pending"
19,44,"gausmix::0p25::1000::lastmile_rw_f0845_s095_xxlong_sub3",2026045423,"pending","phase3_static_shrink_rhsns_exal_mcmc_gausmix_rw_scale",3,"rw_scale",FALSE,"static_shrink","static_shrink","gausmix",0.25,"0p25",1000,"rhs_ns","rhs_ns","rhs_legacy_mixed","rhs_ns","mcmc","exal","mcmc::exal","static_shrink::gausmix::0p25::1000::rhs_ns::exal::mcmc","WARN",TRUE,"FAIL","failed_runtime","mcmc_exal_rhsns_failband2_f085_sub2_s100","failband2_F085_sub2_s100","lastmile_rw_f0845_s095_xxlong_sub3","failband2_F0845_sub2_s100","lastmile_rw_f0845_s095_xxlong_sub3","Mirror the lower-scale hedge on the F0845 corridor so the search covers both best-performing rw anchors.",NA,"/home/jaguir26/local/src/exdqlm__wt__validation_rerun_after_0p4p0_integration/results/function_testing_20260309_static_shrinkage_family_qspec/gausmix/tau_0p25/fit_input_subsample_tt1000_x01_sorted/validation_shrink_rhsns_gausmix_lastmile_tt1000","/home/jaguir26/local/src/exdqlm__wt__dqlm-conjugacy-cavi-gibbs/results/function_testing_20260309_static_shrinkage_family_qspec/gausmix/tau_0p25/fit_input_subsample_tt1000_x01_sorted","/home/jaguir26/local/src/exdqlm__wt__dqlm-conjugacy-cavi-gibbs/results/function_testing_20260309_static_shrinkage_family_qspec/gausmix/tau_0p25/fit_input_subsample_tt1000_x01_sorted/series_wide.csv","/home/jaguir26/local/src/exdqlm__wt__dqlm-conjugacy-cavi-gibbs/results/function_testing_20260309_static_shrinkage_family_qspec/gausmix/tau_0p25/fit_input_subsample_tt1000_x01_sorted/coef_truth.csv","/home/jaguir26/local/src/exdqlm__wt__dqlm-conjugacy-cavi-gibbs/results/function_testing_20260309_static_shrinkage_family_qspec/gausmix/tau_0p25/fit_input_subsample_tt1000_x01_sorted/true_quantile_grid.csv","/home/jaguir26/local/src/exdqlm__wt__dqlm-conjugacy-cavi-gibbs/results/function_testing_20260309_static_shrinkage_family_qspec/gausmix/tau_0p25/fit_input_subsample_tt1000_x01_sorted/selection_indices.csv","tools/merge_reports/full288_original288_static_shrink_rhsns_exal_mcmc_gausmix_lastmile_20260410/configs/row_0019_run_config.rds","/home/jaguir26/local/src/exdqlm__wt__validation_rerun_after_0p4p0_integration/results/function_testing_20260309_static_shrinkage_family_qspec/gausmix/tau_0p25/fit_input_subsample_tt1000_x01_sorted/validation_shrink_rhsns_gausmix_lastmile_tt1000/fits/mcmc/mcmc_exal_tau_0p25_fit_orig288_static_shrink_rhsns_exal_mcmc_gausmix_lastmile_20260410__lastmile_rw_f0845_s095_xxlong_sub3.rds","tools/merge_reports/full288_original288_static_shrink_rhsns_exal_mcmc_gausmix_lastmile_20260410/rows/row_0019.csv","tools/merge_reports/full288_original288_static_shrink_rhsns_exal_mcmc_gausmix_lastmile_20260410/health/health_0019.csv","tools/merge_reports/full288_original288_static_shrink_rhsns_exal_mcmc_gausmix_lastmile_20260410/metrics/metrics_0019.csv",NA,NA,NA,"pending","MISSING",FALSE,"pending","pending"
20,44,"gausmix::0p25::1000::lastmile_rw_f0845_s105_xxlong_sub3",2026045424,"pending","phase3_static_shrink_rhsns_exal_mcmc_gausmix_rw_scale",3,"rw_scale",FALSE,"static_shrink","static_shrink","gausmix",0.25,"0p25",1000,"rhs_ns","rhs_ns","rhs_legacy_mixed","rhs_ns","mcmc","exal","mcmc::exal","static_shrink::gausmix::0p25::1000::rhs_ns::exal::mcmc","WARN",TRUE,"FAIL","failed_runtime","mcmc_exal_rhsns_failband2_f085_sub2_s100","failband2_F085_sub2_s100","lastmile_rw_f0845_s105_xxlong_sub3","failband2_F0845_sub2_s100","lastmile_rw_f0845_s105_xxlong_sub3","Mirror the higher-scale hedge on the F0845 corridor to keep the overnight map broad but still anchored to informative rows.",NA,"/home/jaguir26/local/src/exdqlm__wt__validation_rerun_after_0p4p0_integration/results/function_testing_20260309_static_shrinkage_family_qspec/gausmix/tau_0p25/fit_input_subsample_tt1000_x01_sorted/validation_shrink_rhsns_gausmix_lastmile_tt1000","/home/jaguir26/local/src/exdqlm__wt__dqlm-conjugacy-cavi-gibbs/results/function_testing_20260309_static_shrinkage_family_qspec/gausmix/tau_0p25/fit_input_subsample_tt1000_x01_sorted","/home/jaguir26/local/src/exdqlm__wt__dqlm-conjugacy-cavi-gibbs/results/function_testing_20260309_static_shrinkage_family_qspec/gausmix/tau_0p25/fit_input_subsample_tt1000_x01_sorted/series_wide.csv","/home/jaguir26/local/src/exdqlm__wt__dqlm-conjugacy-cavi-gibbs/results/function_testing_20260309_static_shrinkage_family_qspec/gausmix/tau_0p25/fit_input_subsample_tt1000_x01_sorted/coef_truth.csv","/home/jaguir26/local/src/exdqlm__wt__dqlm-conjugacy-cavi-gibbs/results/function_testing_20260309_static_shrinkage_family_qspec/gausmix/tau_0p25/fit_input_subsample_tt1000_x01_sorted/true_quantile_grid.csv","/home/jaguir26/local/src/exdqlm__wt__dqlm-conjugacy-cavi-gibbs/results/function_testing_20260309_static_shrinkage_family_qspec/gausmix/tau_0p25/fit_input_subsample_tt1000_x01_sorted/selection_indices.csv","tools/merge_reports/full288_original288_static_shrink_rhsns_exal_mcmc_gausmix_lastmile_20260410/configs/row_0020_run_config.rds","/home/jaguir26/local/src/exdqlm__wt__validation_rerun_after_0p4p0_integration/results/function_testing_20260309_static_shrinkage_family_qspec/gausmix/tau_0p25/fit_input_subsample_tt1000_x01_sorted/validation_shrink_rhsns_gausmix_lastmile_tt1000/fits/mcmc/mcmc_exal_tau_0p25_fit_orig288_static_shrink_rhsns_exal_mcmc_gausmix_lastmile_20260410__lastmile_rw_f0845_s105_xxlong_sub3.rds","tools/merge_reports/full288_original288_static_shrink_rhsns_exal_mcmc_gausmix_lastmile_20260410/rows/row_0020.csv","tools/merge_reports/full288_original288_static_shrink_rhsns_exal_mcmc_gausmix_lastmile_20260410/health/health_0020.csv","tools/merge_reports/full288_original288_static_shrink_rhsns_exal_mcmc_gausmix_lastmile_20260410/metrics/metrics_0020.csv",NA,NA,NA,"pending","MISSING",FALSE,"pending","pending"
21,44,"gausmix::0p25::1000::lastmile_rw_f080_s105_xxlong_sub4",2026045425,"pending","phase3_static_shrink_rhsns_exal_mcmc_gausmix_rw_scale",3,"rw_scale",FALSE,"static_shrink","static_shrink","gausmix",0.25,"0p25",1000,"rhs_ns","rhs_ns","rhs_legacy_mixed","rhs_ns","mcmc","exal","mcmc::exal","static_shrink::gausmix::0p25::1000::rhs_ns::exal::mcmc","WARN",TRUE,"FAIL","failed_runtime","mcmc_exal_rhsns_failband2_f085_sub2_s100","failband2_F085_sub2_s100","lastmile_rw_f080_s105_xxlong_sub4","failband2_F080_sub2_s105","lastmile_rw_f080_s105_xxlong_sub4","Carry a single lower-band F080/s105 hedge at very long budget to avoid overcommitting only to the F0845/F085 neighborhood.",NA,"/home/jaguir26/local/src/exdqlm__wt__validation_rerun_after_0p4p0_integration/results/function_testing_20260309_static_shrinkage_family_qspec/gausmix/tau_0p25/fit_input_subsample_tt1000_x01_sorted/validation_shrink_rhsns_gausmix_lastmile_tt1000","/home/jaguir26/local/src/exdqlm__wt__dqlm-conjugacy-cavi-gibbs/results/function_testing_20260309_static_shrinkage_family_qspec/gausmix/tau_0p25/fit_input_subsample_tt1000_x01_sorted","/home/jaguir26/local/src/exdqlm__wt__dqlm-conjugacy-cavi-gibbs/results/function_testing_20260309_static_shrinkage_family_qspec/gausmix/tau_0p25/fit_input_subsample_tt1000_x01_sorted/series_wide.csv","/home/jaguir26/local/src/exdqlm__wt__dqlm-conjugacy-cavi-gibbs/results/function_testing_20260309_static_shrinkage_family_qspec/gausmix/tau_0p25/fit_input_subsample_tt1000_x01_sorted/coef_truth.csv","/home/jaguir26/local/src/exdqlm__wt__dqlm-conjugacy-cavi-gibbs/results/function_testing_20260309_static_shrinkage_family_qspec/gausmix/tau_0p25/fit_input_subsample_tt1000_x01_sorted/true_quantile_grid.csv","/home/jaguir26/local/src/exdqlm__wt__dqlm-conjugacy-cavi-gibbs/results/function_testing_20260309_static_shrinkage_family_qspec/gausmix/tau_0p25/fit_input_subsample_tt1000_x01_sorted/selection_indices.csv","tools/merge_reports/full288_original288_static_shrink_rhsns_exal_mcmc_gausmix_lastmile_20260410/configs/row_0021_run_config.rds","/home/jaguir26/local/src/exdqlm__wt__validation_rerun_after_0p4p0_integration/results/function_testing_20260309_static_shrinkage_family_qspec/gausmix/tau_0p25/fit_input_subsample_tt1000_x01_sorted/validation_shrink_rhsns_gausmix_lastmile_tt1000/fits/mcmc/mcmc_exal_tau_0p25_fit_orig288_static_shrink_rhsns_exal_mcmc_gausmix_lastmile_20260410__lastmile_rw_f080_s105_xxlong_sub4.rds","tools/merge_reports/full288_original288_static_shrink_rhsns_exal_mcmc_gausmix_lastmile_20260410/rows/row_0021.csv","tools/merge_reports/full288_original288_static_shrink_rhsns_exal_mcmc_gausmix_lastmile_20260410/health/health_0021.csv","tools/merge_reports/full288_original288_static_shrink_rhsns_exal_mcmc_gausmix_lastmile_20260410/metrics/metrics_0021.csv",NA,NA,NA,"pending","MISSING",FALSE,"pending","pending"
22,44,"gausmix::0p25::1000::lastmile_rw_f0835_s1025_xxlong_sub4",2026045426,"pending","phase3_static_shrink_rhsns_exal_mcmc_gausmix_rw_scale",3,"rw_scale",FALSE,"static_shrink","static_shrink","gausmix",0.25,"0p25",1000,"rhs_ns","rhs_ns","rhs_legacy_mixed","rhs_ns","mcmc","exal","mcmc::exal","static_shrink::gausmix::0p25::1000::rhs_ns::exal::mcmc","WARN",TRUE,"FAIL","failed_runtime","mcmc_exal_rhsns_failband2_f085_sub2_s100","failband2_F085_sub2_s100","lastmile_rw_f0835_s1025_xxlong_sub4","failband2_F0835_sub2_s1025","lastmile_rw_f0835_s1025_xxlong_sub4","Give the promising F0835/s1025 mid-band one long four-substep run as a final rw-only hedge before abandoning that neighborhood.",NA,"/home/jaguir26/local/src/exdqlm__wt__validation_rerun_after_0p4p0_integration/results/function_testing_20260309_static_shrinkage_family_qspec/gausmix/tau_0p25/fit_input_subsample_tt1000_x01_sorted/validation_shrink_rhsns_gausmix_lastmile_tt1000","/home/jaguir26/local/src/exdqlm__wt__dqlm-conjugacy-cavi-gibbs/results/function_testing_20260309_static_shrinkage_family_qspec/gausmix/tau_0p25/fit_input_subsample_tt1000_x01_sorted","/home/jaguir26/local/src/exdqlm__wt__dqlm-conjugacy-cavi-gibbs/results/function_testing_20260309_static_shrinkage_family_qspec/gausmix/tau_0p25/fit_input_subsample_tt1000_x01_sorted/series_wide.csv","/home/jaguir26/local/src/exdqlm__wt__dqlm-conjugacy-cavi-gibbs/results/function_testing_20260309_static_shrinkage_family_qspec/gausmix/tau_0p25/fit_input_subsample_tt1000_x01_sorted/coef_truth.csv","/home/jaguir26/local/src/exdqlm__wt__dqlm-conjugacy-cavi-gibbs/results/function_testing_20260309_static_shrinkage_family_qspec/gausmix/tau_0p25/fit_input_subsample_tt1000_x01_sorted/true_quantile_grid.csv","/home/jaguir26/local/src/exdqlm__wt__dqlm-conjugacy-cavi-gibbs/results/function_testing_20260309_static_shrinkage_family_qspec/gausmix/tau_0p25/fit_input_subsample_tt1000_x01_sorted/selection_indices.csv","tools/merge_reports/full288_original288_static_shrink_rhsns_exal_mcmc_gausmix_lastmile_20260410/configs/row_0022_run_config.rds","/home/jaguir26/local/src/exdqlm__wt__validation_rerun_after_0p4p0_integration/results/function_testing_20260309_static_shrinkage_family_qspec/gausmix/tau_0p25/fit_input_subsample_tt1000_x01_sorted/validation_shrink_rhsns_gausmix_lastmile_tt1000/fits/mcmc/mcmc_exal_tau_0p25_fit_orig288_static_shrink_rhsns_exal_mcmc_gausmix_lastmile_20260410__lastmile_rw_f0835_s1025_xxlong_sub4.rds","tools/merge_reports/full288_original288_static_shrink_rhsns_exal_mcmc_gausmix_lastmile_20260410/rows/row_0022.csv","tools/merge_reports/full288_original288_static_shrink_rhsns_exal_mcmc_gausmix_lastmile_20260410/health/health_0022.csv","tools/merge_reports/full288_original288_static_shrink_rhsns_exal_mcmc_gausmix_lastmile_20260410/metrics/metrics_0022.csv",NA,NA,NA,"pending","MISSING",FALSE,"pending","pending"
23,44,"gausmix::0p25::1000::lastmile_slice_w16_s240_xxlong",2026056087,"pending","phase4_static_shrink_rhsns_exal_mcmc_gausmix_slice",4,"slice_lastmile",FALSE,"static_shrink","static_shrink","gausmix",0.25,"0p25",1000,"rhs_ns","rhs_ns","rhs_legacy_mixed","rhs_ns","mcmc","exal","mcmc::exal","static_shrink::gausmix::0p25::1000::rhs_ns::exal::mcmc","WARN",TRUE,"FAIL","failed_runtime","mcmc_exal_rhsns_failband2_f085_sub2_s100","failband2_F085_sub2_s100","lastmile_slice_w16_s240_xxlong","failband2_F085_sub2_s1025","lastmile_slice_w16_s240_xxlong","Re-open the best slice width seen so far but give it a much longer chain so absolute ESS can scale if the exact kernel is already close.","LOCAL_static_case_checkpoint_failband2_F085_sub2_s1025_exal_gausmix.csv","/home/jaguir26/local/src/exdqlm__wt__validation_rerun_after_0p4p0_integration/results/function_testing_20260309_static_shrinkage_family_qspec/gausmix/tau_0p25/fit_input_subsample_tt1000_x01_sorted/validation_shrink_rhsns_gausmix_lastmile_tt1000","/home/jaguir26/local/src/exdqlm__wt__dqlm-conjugacy-cavi-gibbs/results/function_testing_20260309_static_shrinkage_family_qspec/gausmix/tau_0p25/fit_input_subsample_tt1000_x01_sorted","/home/jaguir26/local/src/exdqlm__wt__dqlm-conjugacy-cavi-gibbs/results/function_testing_20260309_static_shrinkage_family_qspec/gausmix/tau_0p25/fit_input_subsample_tt1000_x01_sorted/series_wide.csv","/home/jaguir26/local/src/exdqlm__wt__dqlm-conjugacy-cavi-gibbs/results/function_testing_20260309_static_shrinkage_family_qspec/gausmix/tau_0p25/fit_input_subsample_tt1000_x01_sorted/coef_truth.csv","/home/jaguir26/local/src/exdqlm__wt__dqlm-conjugacy-cavi-gibbs/results/function_testing_20260309_static_shrinkage_family_qspec/gausmix/tau_0p25/fit_input_subsample_tt1000_x01_sorted/true_quantile_grid.csv","/home/jaguir26/local/src/exdqlm__wt__dqlm-conjugacy-cavi-gibbs/results/function_testing_20260309_static_shrinkage_family_qspec/gausmix/tau_0p25/fit_input_subsample_tt1000_x01_sorted/selection_indices.csv","tools/merge_reports/full288_original288_static_shrink_rhsns_exal_mcmc_gausmix_lastmile_20260410/configs/row_0023_run_config.rds","/home/jaguir26/local/src/exdqlm__wt__validation_rerun_after_0p4p0_integration/results/function_testing_20260309_static_shrinkage_family_qspec/gausmix/tau_0p25/fit_input_subsample_tt1000_x01_sorted/validation_shrink_rhsns_gausmix_lastmile_tt1000/fits/mcmc/mcmc_exal_tau_0p25_fit_orig288_static_shrink_rhsns_exal_mcmc_gausmix_lastmile_20260410__lastmile_slice_w16_s240_xxlong.rds","tools/merge_reports/full288_original288_static_shrink_rhsns_exal_mcmc_gausmix_lastmile_20260410/rows/row_0023.csv","tools/merge_reports/full288_original288_static_shrink_rhsns_exal_mcmc_gausmix_lastmile_20260410/health/health_0023.csv","tools/merge_reports/full288_original288_static_shrink_rhsns_exal_mcmc_gausmix_lastmile_20260410/metrics/metrics_0023.csv",NA,NA,NA,"pending","MISSING",FALSE,"pending","pending"
24,44,"gausmix::0p25::1000::lastmile_slice_w16_s480_xxlong_sub3",2026056087,"pending","phase4_static_shrink_rhsns_exal_mcmc_gausmix_slice",4,"slice_lastmile",FALSE,"static_shrink","static_shrink","gausmix",0.25,"0p25",1000,"rhs_ns","rhs_ns","rhs_legacy_mixed","rhs_ns","mcmc","exal","mcmc::exal","static_shrink::gausmix::0p25::1000::rhs_ns::exal::mcmc","WARN",TRUE,"FAIL","failed_runtime","mcmc_exal_rhsns_failband2_f085_sub2_s100","failband2_F085_sub2_s100","lastmile_slice_w16_s480_xxlong_sub3","failband2_F085_sub2_s1025","lastmile_slice_w16_s480_xxlong_sub3","Keep the same narrower slice width but double the slice path length and add a third gamma substep to test whether the earlier exact-kernel probe was simply too short.","LOCAL_static_case_checkpoint_failband2_F085_sub2_s1025_exal_gausmix.csv","/home/jaguir26/local/src/exdqlm__wt__validation_rerun_after_0p4p0_integration/results/function_testing_20260309_static_shrinkage_family_qspec/gausmix/tau_0p25/fit_input_subsample_tt1000_x01_sorted/validation_shrink_rhsns_gausmix_lastmile_tt1000","/home/jaguir26/local/src/exdqlm__wt__dqlm-conjugacy-cavi-gibbs/results/function_testing_20260309_static_shrinkage_family_qspec/gausmix/tau_0p25/fit_input_subsample_tt1000_x01_sorted","/home/jaguir26/local/src/exdqlm__wt__dqlm-conjugacy-cavi-gibbs/results/function_testing_20260309_static_shrinkage_family_qspec/gausmix/tau_0p25/fit_input_subsample_tt1000_x01_sorted/series_wide.csv","/home/jaguir26/local/src/exdqlm__wt__dqlm-conjugacy-cavi-gibbs/results/function_testing_20260309_static_shrinkage_family_qspec/gausmix/tau_0p25/fit_input_subsample_tt1000_x01_sorted/coef_truth.csv","/home/jaguir26/local/src/exdqlm__wt__dqlm-conjugacy-cavi-gibbs/results/function_testing_20260309_static_shrinkage_family_qspec/gausmix/tau_0p25/fit_input_subsample_tt1000_x01_sorted/true_quantile_grid.csv","/home/jaguir26/local/src/exdqlm__wt__dqlm-conjugacy-cavi-gibbs/results/function_testing_20260309_static_shrinkage_family_qspec/gausmix/tau_0p25/fit_input_subsample_tt1000_x01_sorted/selection_indices.csv","tools/merge_reports/full288_original288_static_shrink_rhsns_exal_mcmc_gausmix_lastmile_20260410/configs/row_0024_run_config.rds","/home/jaguir26/local/src/exdqlm__wt__validation_rerun_after_0p4p0_integration/results/function_testing_20260309_static_shrinkage_family_qspec/gausmix/tau_0p25/fit_input_subsample_tt1000_x01_sorted/validation_shrink_rhsns_gausmix_lastmile_tt1000/fits/mcmc/mcmc_exal_tau_0p25_fit_orig288_static_shrink_rhsns_exal_mcmc_gausmix_lastmile_20260410__lastmile_slice_w16_s480_xxlong_sub3.rds","tools/merge_reports/full288_original288_static_shrink_rhsns_exal_mcmc_gausmix_lastmile_20260410/rows/row_0024.csv","tools/merge_reports/full288_original288_static_shrink_rhsns_exal_mcmc_gausmix_lastmile_20260410/health/health_0024.csv","tools/merge_reports/full288_original288_static_shrink_rhsns_exal_mcmc_gausmix_lastmile_20260410/metrics/metrics_0024.csv",NA,NA,NA,"pending","MISSING",FALSE,"pending","pending"
25,44,"gausmix::0p25::1000::lastmile_slice_w18_s320_xxlong_sub3",2026056087,"pending","phase4_static_shrink_rhsns_exal_mcmc_gausmix_slice",4,"slice_lastmile",FALSE,"static_shrink","static_shrink","gausmix",0.25,"0p25",1000,"rhs_ns","rhs_ns","rhs_legacy_mixed","rhs_ns","mcmc","exal","mcmc::exal","static_shrink::gausmix::0p25::1000::rhs_ns::exal::mcmc","WARN",TRUE,"FAIL","failed_runtime","mcmc_exal_rhsns_failband2_f085_sub2_s100","failband2_F085_sub2_s100","lastmile_slice_w18_s320_xxlong_sub3","failband2_F085_sub2_s1025","lastmile_slice_w18_s320_xxlong_sub3","Carry the deeper 0.18/320 slice corridor forward with more budget and a third gamma substep so the exact-kernel family is explored seriously, not tokenly.","LOCAL_static_case_checkpoint_failband2_F085_sub2_s1025_exal_gausmix.csv","/home/jaguir26/local/src/exdqlm__wt__validation_rerun_after_0p4p0_integration/results/function_testing_20260309_static_shrinkage_family_qspec/gausmix/tau_0p25/fit_input_subsample_tt1000_x01_sorted/validation_shrink_rhsns_gausmix_lastmile_tt1000","/home/jaguir26/local/src/exdqlm__wt__dqlm-conjugacy-cavi-gibbs/results/function_testing_20260309_static_shrinkage_family_qspec/gausmix/tau_0p25/fit_input_subsample_tt1000_x01_sorted","/home/jaguir26/local/src/exdqlm__wt__dqlm-conjugacy-cavi-gibbs/results/function_testing_20260309_static_shrinkage_family_qspec/gausmix/tau_0p25/fit_input_subsample_tt1000_x01_sorted/series_wide.csv","/home/jaguir26/local/src/exdqlm__wt__dqlm-conjugacy-cavi-gibbs/results/function_testing_20260309_static_shrinkage_family_qspec/gausmix/tau_0p25/fit_input_subsample_tt1000_x01_sorted/coef_truth.csv","/home/jaguir26/local/src/exdqlm__wt__dqlm-conjugacy-cavi-gibbs/results/function_testing_20260309_static_shrinkage_family_qspec/gausmix/tau_0p25/fit_input_subsample_tt1000_x01_sorted/true_quantile_grid.csv","/home/jaguir26/local/src/exdqlm__wt__dqlm-conjugacy-cavi-gibbs/results/function_testing_20260309_static_shrinkage_family_qspec/gausmix/tau_0p25/fit_input_subsample_tt1000_x01_sorted/selection_indices.csv","tools/merge_reports/full288_original288_static_shrink_rhsns_exal_mcmc_gausmix_lastmile_20260410/configs/row_0025_run_config.rds","/home/jaguir26/local/src/exdqlm__wt__validation_rerun_after_0p4p0_integration/results/function_testing_20260309_static_shrinkage_family_qspec/gausmix/tau_0p25/fit_input_subsample_tt1000_x01_sorted/validation_shrink_rhsns_gausmix_lastmile_tt1000/fits/mcmc/mcmc_exal_tau_0p25_fit_orig288_static_shrink_rhsns_exal_mcmc_gausmix_lastmile_20260410__lastmile_slice_w18_s320_xxlong_sub3.rds","tools/merge_reports/full288_original288_static_shrink_rhsns_exal_mcmc_gausmix_lastmile_20260410/rows/row_0025.csv","tools/merge_reports/full288_original288_static_shrink_rhsns_exal_mcmc_gausmix_lastmile_20260410/health/health_0025.csv","tools/merge_reports/full288_original288_static_shrink_rhsns_exal_mcmc_gausmix_lastmile_20260410/metrics/metrics_0025.csv",NA,NA,NA,"pending","MISSING",FALSE,"pending","pending"
26,44,"gausmix::0p25::1000::lastmile_slice_w20_s360_xxlong_sub3",2026056087,"pending","phase4_static_shrink_rhsns_exal_mcmc_gausmix_slice",4,"slice_lastmile",FALSE,"static_shrink","static_shrink","gausmix",0.25,"0p25",1000,"rhs_ns","rhs_ns","rhs_legacy_mixed","rhs_ns","mcmc","exal","mcmc::exal","static_shrink::gausmix::0p25::1000::rhs_ns::exal::mcmc","WARN",TRUE,"FAIL","failed_runtime","mcmc_exal_rhsns_failband2_f085_sub2_s100","failband2_F085_sub2_s100","lastmile_slice_w20_s360_xxlong_sub3","failband2_F085_sub2_s1025","lastmile_slice_w20_s360_xxlong_sub3","Push the 0.20/360 exact-kernel corridor much further as the aggressive mid-width slice hedge.","LOCAL_static_case_checkpoint_failband2_F085_sub2_s1025_exal_gausmix.csv","/home/jaguir26/local/src/exdqlm__wt__validation_rerun_after_0p4p0_integration/results/function_testing_20260309_static_shrinkage_family_qspec/gausmix/tau_0p25/fit_input_subsample_tt1000_x01_sorted/validation_shrink_rhsns_gausmix_lastmile_tt1000","/home/jaguir26/local/src/exdqlm__wt__dqlm-conjugacy-cavi-gibbs/results/function_testing_20260309_static_shrinkage_family_qspec/gausmix/tau_0p25/fit_input_subsample_tt1000_x01_sorted","/home/jaguir26/local/src/exdqlm__wt__dqlm-conjugacy-cavi-gibbs/results/function_testing_20260309_static_shrinkage_family_qspec/gausmix/tau_0p25/fit_input_subsample_tt1000_x01_sorted/series_wide.csv","/home/jaguir26/local/src/exdqlm__wt__dqlm-conjugacy-cavi-gibbs/results/function_testing_20260309_static_shrinkage_family_qspec/gausmix/tau_0p25/fit_input_subsample_tt1000_x01_sorted/coef_truth.csv","/home/jaguir26/local/src/exdqlm__wt__dqlm-conjugacy-cavi-gibbs/results/function_testing_20260309_static_shrinkage_family_qspec/gausmix/tau_0p25/fit_input_subsample_tt1000_x01_sorted/true_quantile_grid.csv","/home/jaguir26/local/src/exdqlm__wt__dqlm-conjugacy-cavi-gibbs/results/function_testing_20260309_static_shrinkage_family_qspec/gausmix/tau_0p25/fit_input_subsample_tt1000_x01_sorted/selection_indices.csv","tools/merge_reports/full288_original288_static_shrink_rhsns_exal_mcmc_gausmix_lastmile_20260410/configs/row_0026_run_config.rds","/home/jaguir26/local/src/exdqlm__wt__validation_rerun_after_0p4p0_integration/results/function_testing_20260309_static_shrinkage_family_qspec/gausmix/tau_0p25/fit_input_subsample_tt1000_x01_sorted/validation_shrink_rhsns_gausmix_lastmile_tt1000/fits/mcmc/mcmc_exal_tau_0p25_fit_orig288_static_shrink_rhsns_exal_mcmc_gausmix_lastmile_20260410__lastmile_slice_w20_s360_xxlong_sub3.rds","tools/merge_reports/full288_original288_static_shrink_rhsns_exal_mcmc_gausmix_lastmile_20260410/rows/row_0026.csv","tools/merge_reports/full288_original288_static_shrink_rhsns_exal_mcmc_gausmix_lastmile_20260410/health/health_0026.csv","tools/merge_reports/full288_original288_static_shrink_rhsns_exal_mcmc_gausmix_lastmile_20260410/metrics/metrics_0026.csv",NA,NA,NA,"pending","MISSING",FALSE,"pending","pending"
27,44,"gausmix::0p25::1000::lastmile_slice_w22_s480_xxlong_sub4",2026056087,"pending","phase4_static_shrink_rhsns_exal_mcmc_gausmix_slice",4,"slice_lastmile",FALSE,"static_shrink","static_shrink","gausmix",0.25,"0p25",1000,"rhs_ns","rhs_ns","rhs_legacy_mixed","rhs_ns","mcmc","exal","mcmc::exal","static_shrink::gausmix::0p25::1000::rhs_ns::exal::mcmc","WARN",TRUE,"FAIL","failed_runtime","mcmc_exal_rhsns_failband2_f085_sub2_s100","failband2_F085_sub2_s100","lastmile_slice_w22_s480_xxlong_sub4","failband2_F085_sub2_s1025","lastmile_slice_w22_s480_xxlong_sub4","Try a genuinely broader 0.22/480 slice corridor with four gamma substeps to see if row 44 needs a much wider exact-kernel exploration band.","LOCAL_static_case_checkpoint_failband2_F085_sub2_s1025_exal_gausmix.csv","/home/jaguir26/local/src/exdqlm__wt__validation_rerun_after_0p4p0_integration/results/function_testing_20260309_static_shrinkage_family_qspec/gausmix/tau_0p25/fit_input_subsample_tt1000_x01_sorted/validation_shrink_rhsns_gausmix_lastmile_tt1000","/home/jaguir26/local/src/exdqlm__wt__dqlm-conjugacy-cavi-gibbs/results/function_testing_20260309_static_shrinkage_family_qspec/gausmix/tau_0p25/fit_input_subsample_tt1000_x01_sorted","/home/jaguir26/local/src/exdqlm__wt__dqlm-conjugacy-cavi-gibbs/results/function_testing_20260309_static_shrinkage_family_qspec/gausmix/tau_0p25/fit_input_subsample_tt1000_x01_sorted/series_wide.csv","/home/jaguir26/local/src/exdqlm__wt__dqlm-conjugacy-cavi-gibbs/results/function_testing_20260309_static_shrinkage_family_qspec/gausmix/tau_0p25/fit_input_subsample_tt1000_x01_sorted/coef_truth.csv","/home/jaguir26/local/src/exdqlm__wt__dqlm-conjugacy-cavi-gibbs/results/function_testing_20260309_static_shrinkage_family_qspec/gausmix/tau_0p25/fit_input_subsample_tt1000_x01_sorted/true_quantile_grid.csv","/home/jaguir26/local/src/exdqlm__wt__dqlm-conjugacy-cavi-gibbs/results/function_testing_20260309_static_shrinkage_family_qspec/gausmix/tau_0p25/fit_input_subsample_tt1000_x01_sorted/selection_indices.csv","tools/merge_reports/full288_original288_static_shrink_rhsns_exal_mcmc_gausmix_lastmile_20260410/configs/row_0027_run_config.rds","/home/jaguir26/local/src/exdqlm__wt__validation_rerun_after_0p4p0_integration/results/function_testing_20260309_static_shrinkage_family_qspec/gausmix/tau_0p25/fit_input_subsample_tt1000_x01_sorted/validation_shrink_rhsns_gausmix_lastmile_tt1000/fits/mcmc/mcmc_exal_tau_0p25_fit_orig288_static_shrink_rhsns_exal_mcmc_gausmix_lastmile_20260410__lastmile_slice_w22_s480_xxlong_sub4.rds","tools/merge_reports/full288_original288_static_shrink_rhsns_exal_mcmc_gausmix_lastmile_20260410/rows/row_0027.csv","tools/merge_reports/full288_original288_static_shrink_rhsns_exal_mcmc_gausmix_lastmile_20260410/health/health_0027.csv","tools/merge_reports/full288_original288_static_shrink_rhsns_exal_mcmc_gausmix_lastmile_20260410/metrics/metrics_0027.csv",NA,NA,NA,"pending","MISSING",FALSE,"pending","pending"
28,44,"gausmix::0p25::1000::lastmile_slice_w24_s600_xxlong_sub4",2026056087,"pending","phase4_static_shrink_rhsns_exal_mcmc_gausmix_slice",4,"slice_lastmile",FALSE,"static_shrink","static_shrink","gausmix",0.25,"0p25",1000,"rhs_ns","rhs_ns","rhs_legacy_mixed","rhs_ns","mcmc","exal","mcmc::exal","static_shrink::gausmix::0p25::1000::rhs_ns::exal::mcmc","WARN",TRUE,"FAIL","failed_runtime","mcmc_exal_rhsns_failband2_f085_sub2_s100","failband2_F085_sub2_s100","lastmile_slice_w24_s600_xxlong_sub4","failband2_F085_sub2_s1025","lastmile_slice_w24_s600_xxlong_sub4","Make one maximal exact-kernel attempt at 0.24/600 with four gamma substeps so the overnight lane has a true broad slice endpoint.","LOCAL_static_case_checkpoint_failband2_F085_sub2_s1025_exal_gausmix.csv","/home/jaguir26/local/src/exdqlm__wt__validation_rerun_after_0p4p0_integration/results/function_testing_20260309_static_shrinkage_family_qspec/gausmix/tau_0p25/fit_input_subsample_tt1000_x01_sorted/validation_shrink_rhsns_gausmix_lastmile_tt1000","/home/jaguir26/local/src/exdqlm__wt__dqlm-conjugacy-cavi-gibbs/results/function_testing_20260309_static_shrinkage_family_qspec/gausmix/tau_0p25/fit_input_subsample_tt1000_x01_sorted","/home/jaguir26/local/src/exdqlm__wt__dqlm-conjugacy-cavi-gibbs/results/function_testing_20260309_static_shrinkage_family_qspec/gausmix/tau_0p25/fit_input_subsample_tt1000_x01_sorted/series_wide.csv","/home/jaguir26/local/src/exdqlm__wt__dqlm-conjugacy-cavi-gibbs/results/function_testing_20260309_static_shrinkage_family_qspec/gausmix/tau_0p25/fit_input_subsample_tt1000_x01_sorted/coef_truth.csv","/home/jaguir26/local/src/exdqlm__wt__dqlm-conjugacy-cavi-gibbs/results/function_testing_20260309_static_shrinkage_family_qspec/gausmix/tau_0p25/fit_input_subsample_tt1000_x01_sorted/true_quantile_grid.csv","/home/jaguir26/local/src/exdqlm__wt__dqlm-conjugacy-cavi-gibbs/results/function_testing_20260309_static_shrinkage_family_qspec/gausmix/tau_0p25/fit_input_subsample_tt1000_x01_sorted/selection_indices.csv","tools/merge_reports/full288_original288_static_shrink_rhsns_exal_mcmc_gausmix_lastmile_20260410/configs/row_0028_run_config.rds","/home/jaguir26/local/src/exdqlm__wt__validation_rerun_after_0p4p0_integration/results/function_testing_20260309_static_shrinkage_family_qspec/gausmix/tau_0p25/fit_input_subsample_tt1000_x01_sorted/validation_shrink_rhsns_gausmix_lastmile_tt1000/fits/mcmc/mcmc_exal_tau_0p25_fit_orig288_static_shrink_rhsns_exal_mcmc_gausmix_lastmile_20260410__lastmile_slice_w24_s600_xxlong_sub4.rds","tools/merge_reports/full288_original288_static_shrink_rhsns_exal_mcmc_gausmix_lastmile_20260410/rows/row_0028.csv","tools/merge_reports/full288_original288_static_shrink_rhsns_exal_mcmc_gausmix_lastmile_20260410/health/health_0028.csv","tools/merge_reports/full288_original288_static_shrink_rhsns_exal_mcmc_gausmix_lastmile_20260410/metrics/metrics_0028.csv",NA,NA,NA,"pending","MISSING",FALSE,"pending","pending"
